[Warn]	(0.000, +0)	 lv_init: Memory integrity checks are enabled via LV_USE_ASSERT_MEM_INTEGRITY which makes LVGL much slower lv_init.c:305
[Warn]	(0.000, +0)	 lv_init: Object sanity checks are enabled via LV_USE_ASSERT_OBJ which makes LVGL much slower lv_init.c:309
[Warn]	(0.000, +0)	 lv_init: Style sanity checks are enabled that uses more RAM lv_init.c:313
[Warn]	(0.004, +4)	 lv_obj_remove_flag: Deprecated: use the dedicated lv_obj_set_<flag>() setters instead, e.g. lv_obj_set_hidden(obj, false). lv_obj.c:432
[Warn]	(0.004, +0)	 lv_obj_add_flag: Deprecated: use the dedicated lv_obj_set_<flag>() setters instead, e.g. lv_obj_set_hidden(obj, true). lv_obj.c:380
[Warn]	(0.004, +0)	 lv_obj_has_flag: Deprecated: use the dedicated lv_obj_is_<flag>() getters instead, e.g. lv_obj_is_hidden(obj). lv_obj.c:769
2026-09-14 15:41:29.908936 [info] Using configuration file: "/root/develop/carlauncher-probe-20260909/socket-tap-sd-events-20260914-b/lvgl-client.json".
2026-09-14 15:41:29.908987 [info] Parsed vsomeip configuration in 0ms
2026-09-14 15:41:29.908999 [info] Configuration module loaded.
2026-09-14 15:41:29.909005 [info] Security disabled!
2026-09-14 15:41:29.909009 [info] Initializing vsomeip (3.7.5) application "lvgl-vehicle-client".
2026-09-14 15:41:29.909013 [info] Instantiating routing manager [Proxy].
2026-09-14 15:41:29.909035 [info] vsomeip tracing not enabled. vsomeip service discovery tracing not enabled.
2026-09-14 15:41:29.909041 [info] Application(lvgl-vehicle-client, 5577) is initialized (11, 100).
2026-09-14 15:41:29.909047 [info] app::init: End of init, application "lvgl-vehicle-client" (5577)
2026-09-14 15:41:29.909369 [info] Starting vsomeip application "lvgl-vehicle-client" (5577) using 1 threads I/O nice 0
2026-09-14 15:41:29.909476 [info] Client 0xffff, state ST_DEREGISTERED -> ST_REGISTERING
2026-09-14 15:41:29.909507 [info] Client [ffff] is connecting to [0000] at /tmp/vsomeip-0 endpoint > 0x7054800023e0
2026-09-14 15:41:29.909518 [info] le::set_state_unlocked: change state: INIT -> CONNECTING, Client: 0000 (0), connection : role: client, own: , peer: /tmp/vsomeip-0, mem: 0x7054800011a0, fd: -1, 0x7054800011a0, send_queue: 99, receive_buffer: {mem_size: 4096, first_used: 0, last_used: 0, shrink: [0, 5]}, is_sending: false, is_flushing: false, state: INIT
2026-09-14 15:41:29.909618 [info] Started thread 5577_io00, application 'lvgl-vehicle-client', id 705487657640, tid 17166
2026-09-14 15:41:29.909649 [info] Started thread 5577_m_dispatch, application 'lvgl-vehicle-client', id 705486e56640, tid 17168
2026-09-14 15:41:29.909663 [info] le::set_state_unlocked: change state: CONNECTING -> CONNECTED, Client: 0000 (0), connection : role: client, own: , peer: /tmp/vsomeip-0, mem: 0x7054800011a0, fd: 8, 0x7054800011a0, send_queue: 99, receive_buffer: {mem_size: 4096, first_used: 0, last_used: 0, shrink: [0, 5]}, is_sending: false, is_flushing: false, state: CONNECTING
2026-09-14 15:41:29.910084 [info] Creating local server endpoint for client 0x5577 with transport type UDS.
2026-09-14 15:41:29.910169 [info] Listening @ /tmp/vsomeip-5577
2026-09-14 15:41:29.910188 [info] rmc::on_client_assign_ack: Client 0x5577 (lvgl-vehicle-client) successfully connected to routing via UDS ~> registering...
2026-09-14 15:41:29.910195 [info] rmc::register_application: Client 0x5577 Registering to routing manager @ vsomeip-0
2026-09-14 15:41:29.910199 [info] rcsm::registered: Former client id: 0xffff, new 0x5577
2026-09-14 15:41:29.910203 [info] Client 0x5577, state ST_REGISTERING -> ST_REGISTERED
2026-09-14 15:41:29.910206 [info] Application/Client 5577 (lvgl-vehicle-client) is registered.
2026-09-14 15:41:29.910730 [info] ON_AVAILABLE(5577): [1111.2222:0.0]
2026-09-14 15:41:29.910801 [info] Client [5577] is connecting to [4444] at /tmp/vsomeip-4444 endpoint > 0x705480005150
2026-09-14 15:41:29.910839 [info] le::set_state_unlocked: change state: INIT -> CONNECTING, Client: 4444 (0), connection : role: client, own: , peer: /tmp/vsomeip-4444, mem: 0x705480003f80, fd: -1, 0x705480003f80, send_queue: 66, receive_buffer: {mem_size: 4096, first_used: 0, last_used: 0, shrink: [0, 5]}, is_sending: false, is_flushing: false, state: INIT
2026-09-14 15:41:29.910921 [info] le::set_state_unlocked: change state: CONNECTING -> CONNECTED, Client: 4444 (0), connection : role: client, own: , peer: /tmp/vsomeip-4444, mem: 0x705480003f80, fd: 10, 0x705480003f80, send_queue: 86, receive_buffer: {mem_size: 4096, first_used: 0, last_used: 0, shrink: [0, 5]}, is_sending: false, is_flushing: false, state: CONNECTING
2026-09-14 15:41:29.911568 [info] SUBSCRIBE ACK(4444): [1111.2222.0001.ffff]
[VehicleData] Stream active, vehicle online (seq=1)
LVGL_EVENT seq=1 speed=2 status=0
LVGL_EVENT seq=2 speed=4 status=0
LVGL_EVENT seq=3 speed=6 status=0
LVGL_EVENT seq=4 speed=8 status=0
LVGL_EVENT seq=5 speed=10 status=0
LVGL_EVENT seq=6 speed=12 status=0
LVGL_EVENT seq=7 speed=14 status=0
LVGL_EVENT seq=8 speed=16 status=0
LVGL_EVENT seq=9 speed=18 status=0
LVGL_EVENT seq=10 speed=20 status=0
LVGL_EVENT seq=11 speed=22 status=0
LVGL_EVENT seq=12 speed=24 status=0
LVGL_EVENT seq=13 speed=26 status=0
LVGL_EVENT seq=14 speed=28 status=0
LVGL_EVENT seq=15 speed=30 status=0
LVGL_EVENT seq=16 speed=32 status=0
LVGL_EVENT seq=17 speed=34 status=0
LVGL_EVENT seq=18 speed=36 status=0
LVGL_EVENT seq=19 speed=38 status=0
LVGL_EVENT seq=20 speed=40 status=0
LVGL_EVENT seq=21 speed=42 status=0
LVGL_EVENT seq=22 speed=44 status=0
LVGL_EVENT seq=23 speed=46 status=0
LVGL_EVENT seq=24 speed=48 status=0
LVGL_EVENT seq=25 speed=50 status=0
LVGL_EVENT seq=26 speed=52 status=0
LVGL_EVENT seq=27 speed=54 status=0
LVGL_EVENT seq=28 speed=56 status=0
LVGL_EVENT seq=29 speed=58 status=0
LVGL_EVENT seq=30 speed=60 status=0
LVGL_EVENT seq=31 speed=62 status=0
LVGL_EVENT seq=32 speed=64 status=0
LVGL_EVENT seq=33 speed=66 status=0
LVGL_EVENT seq=34 speed=68 status=0
LVGL_EVENT seq=35 speed=70 status=0
LVGL_EVENT seq=36 speed=72 status=0
LVGL_EVENT seq=37 speed=74 status=0
LVGL_EVENT seq=38 speed=76 status=0
LVGL_EVENT seq=39 speed=78 status=0
LVGL_EVENT seq=40 speed=80 status=0
LVGL_EVENT seq=41 speed=82 status=0
LVGL_EVENT seq=42 speed=84 status=0
LVGL_EVENT seq=43 speed=86 status=0
LVGL_EVENT seq=44 speed=88 status=0
LVGL_EVENT seq=45 speed=90 status=0
LVGL_EVENT seq=46 speed=92 status=0
LVGL_EVENT seq=47 speed=94 status=0
LVGL_EVENT seq=48 speed=96 status=0
LVGL_EVENT seq=49 speed=98 status=0
LVGL_EVENT seq=50 speed=100 status=0
LVGL_EVENT seq=51 speed=98 status=0
LVGL_EVENT seq=52 speed=96 status=0
LVGL_EVENT seq=53 speed=94 status=0
LVGL_EVENT seq=54 speed=92 status=0
LVGL_EVENT seq=55 speed=90 status=0
LVGL_EVENT seq=56 speed=88 status=0
LVGL_EVENT seq=57 speed=86 status=0
LVGL_EVENT seq=58 speed=84 status=0
LVGL_EVENT seq=59 speed=82 status=0
LVGL_EVENT seq=60 speed=80 status=0
LVGL_EVENT seq=61 speed=78 status=0
LVGL_EVENT seq=62 speed=76 status=0
LVGL_EVENT seq=63 speed=74 status=0
LVGL_EVENT seq=64 speed=72 status=0
LVGL_EVENT seq=65 speed=70 status=0
LVGL_EVENT seq=66 speed=68 status=0
LVGL_EVENT seq=67 speed=66 status=0
LVGL_EVENT seq=68 speed=64 status=0
LVGL_EVENT seq=69 speed=62 status=0
LVGL_EVENT seq=70 speed=60 status=0
LVGL_EVENT seq=71 speed=58 status=0
LVGL_EVENT seq=72 speed=56 status=0
LVGL_EVENT seq=73 speed=54 status=0
LVGL_EVENT seq=74 speed=52 status=0
LVGL_EVENT seq=75 speed=50 status=0
LVGL_EVENT seq=76 speed=48 status=0
LVGL_EVENT seq=77 speed=46 status=0
LVGL_EVENT seq=78 speed=44 status=0
LVGL_EVENT seq=79 speed=42 status=0
LVGL_EVENT seq=80 speed=40 status=0
LVGL_EVENT seq=81 speed=38 status=0
LVGL_EVENT seq=82 speed=36 status=0
LVGL_EVENT seq=83 speed=34 status=0
LVGL_EVENT seq=84 speed=32 status=0
LVGL_EVENT seq=85 speed=30 status=0
LVGL_EVENT seq=86 speed=28 status=0
LVGL_EVENT seq=87 speed=26 status=0
LVGL_EVENT seq=88 speed=24 status=0
LVGL_EVENT seq=89 speed=22 status=0
LVGL_EVENT seq=90 speed=20 status=0
LVGL_EVENT seq=91 speed=18 status=0
LVGL_EVENT seq=92 speed=16 status=0
LVGL_EVENT seq=93 speed=14 status=0
LVGL_EVENT seq=94 speed=12 status=0
LVGL_EVENT seq=95 speed=10 status=0
LVGL_EVENT seq=96 speed=8 status=0
LVGL_EVENT seq=97 speed=6 status=0
LVGL_EVENT seq=98 speed=4 status=0
LVGL_EVENT seq=99 speed=2 status=0
LVGL_EVENT seq=100 speed=0 status=0
LVGL_EVENT seq=101 speed=2 status=0
LVGL_EVENT seq=102 speed=4 status=0
LVGL_EVENT seq=103 speed=6 status=0
LVGL_EVENT seq=104 speed=8 status=0
LVGL_EVENT seq=105 speed=10 status=0
LVGL_EVENT seq=106 speed=12 status=0
LVGL_EVENT seq=107 speed=14 status=0
LVGL_EVENT seq=108 speed=16 status=0
LVGL_EVENT seq=109 speed=18 status=0
LVGL_EVENT seq=110 speed=20 status=0
LVGL_EVENT seq=111 speed=22 status=0
LVGL_EVENT seq=112 speed=24 status=0
LVGL_EVENT seq=113 speed=26 status=0
LVGL_EVENT seq=114 speed=28 status=0
LVGL_EVENT seq=115 speed=30 status=0
LVGL_EVENT seq=116 speed=32 status=0
LVGL_EVENT seq=117 speed=34 status=0
LVGL_EVENT seq=118 speed=36 status=0
LVGL_EVENT seq=119 speed=38 status=0
LVGL_EVENT seq=120 speed=40 status=0
LVGL_EVENT seq=121 speed=42 status=0
LVGL_EVENT seq=122 speed=44 status=0
LVGL_EVENT seq=123 speed=46 status=0
LVGL_EVENT seq=124 speed=48 status=0
LVGL_EVENT seq=125 speed=50 status=0
LVGL_EVENT seq=126 speed=52 status=0
LVGL_EVENT seq=127 speed=54 status=0
LVGL_EVENT seq=128 speed=56 status=0
LVGL_EVENT seq=129 speed=58 status=0
LVGL_EVENT seq=130 speed=60 status=0
LVGL_EVENT seq=131 speed=62 status=0
LVGL_EVENT seq=132 speed=64 status=0
LVGL_EVENT seq=133 speed=66 status=0
LVGL_EVENT seq=134 speed=68 status=0
LVGL_EVENT seq=135 speed=70 status=0
LVGL_EVENT seq=136 speed=72 status=0
LVGL_EVENT seq=137 speed=74 status=0
LVGL_EVENT seq=138 speed=76 status=0
LVGL_EVENT seq=139 speed=78 status=0
LVGL_EVENT seq=140 speed=80 status=0
LVGL_EVENT seq=141 speed=82 status=0
LVGL_EVENT seq=142 speed=84 status=0
LVGL_EVENT seq=143 speed=86 status=0
LVGL_EVENT seq=144 speed=88 status=0
LVGL_EVENT seq=145 speed=90 status=0
LVGL_EVENT seq=146 speed=92 status=0
LVGL_EVENT seq=147 speed=94 status=0
LVGL_EVENT seq=148 speed=96 status=0
LVGL_EVENT seq=149 speed=98 status=0
LVGL_EVENT seq=150 speed=100 status=0
LVGL_EVENT seq=151 speed=98 status=0
LVGL_EVENT seq=152 speed=96 status=0
LVGL_EVENT seq=153 speed=94 status=0
LVGL_EVENT seq=154 speed=92 status=0
LVGL_EVENT seq=155 speed=90 status=0
LVGL_EVENT seq=156 speed=88 status=0
LVGL_EVENT seq=157 speed=86 status=0
LVGL_EVENT seq=158 speed=84 status=0
LVGL_EVENT seq=159 speed=82 status=0
LVGL_EVENT seq=160 speed=80 status=0
LVGL_EVENT seq=161 speed=78 status=0
LVGL_EVENT seq=162 speed=76 status=0
LVGL_EVENT seq=163 speed=74 status=0
LVGL_EVENT seq=164 speed=72 status=0
LVGL_EVENT seq=165 speed=70 status=0
LVGL_EVENT seq=166 speed=68 status=0
LVGL_EVENT seq=167 speed=66 status=0
LVGL_EVENT seq=168 speed=64 status=0
LVGL_EVENT seq=169 speed=62 status=0
LVGL_EVENT seq=170 speed=60 status=0
LVGL_EVENT seq=171 speed=58 status=0
LVGL_EVENT seq=172 speed=56 status=0
LVGL_EVENT seq=173 speed=54 status=0
LVGL_EVENT seq=174 speed=52 status=0
LVGL_EVENT seq=175 speed=50 status=0
LVGL_EVENT seq=176 speed=48 status=0
LVGL_EVENT seq=177 speed=46 status=0
LVGL_EVENT seq=178 speed=44 status=0
LVGL_EVENT seq=179 speed=42 status=0
LVGL_EVENT seq=180 speed=40 status=0
LVGL_EVENT seq=181 speed=38 status=0
LVGL_EVENT seq=182 speed=36 status=0
LVGL_EVENT seq=183 speed=34 status=0
LVGL_EVENT seq=184 speed=32 status=0
LVGL_EVENT seq=185 speed=30 status=0
LVGL_EVENT seq=186 speed=28 status=0
LVGL_EVENT seq=187 speed=26 status=0
LVGL_EVENT seq=188 speed=24 status=0
LVGL_EVENT seq=189 speed=22 status=0
LVGL_EVENT seq=190 speed=20 status=0
LVGL_EVENT seq=191 speed=18 status=0
LVGL_EVENT seq=192 speed=16 status=0
LVGL_EVENT seq=193 speed=14 status=0
LVGL_EVENT seq=194 speed=12 status=0
LVGL_EVENT seq=195 speed=10 status=0
LVGL_EVENT seq=196 speed=8 status=0
LVGL_EVENT seq=197 speed=6 status=0
LVGL_EVENT seq=198 speed=4 status=0
LVGL_EVENT seq=199 speed=2 status=0
LVGL_EVENT seq=200 speed=0 status=0
LVGL_EVENT seq=201 speed=2 status=0
LVGL_EVENT seq=202 speed=4 status=0
LVGL_EVENT seq=203 speed=6 status=0
LVGL_EVENT seq=204 speed=8 status=0
LVGL_EVENT seq=205 speed=10 status=0
LVGL_EVENT seq=206 speed=12 status=0
LVGL_EVENT seq=207 speed=14 status=0
LVGL_EVENT seq=208 speed=16 status=0
LVGL_EVENT seq=209 speed=18 status=0
LVGL_EVENT seq=210 speed=20 status=0
LVGL_EVENT seq=211 speed=22 status=0
LVGL_EVENT seq=212 speed=24 status=0
LVGL_EVENT seq=213 speed=26 status=0
LVGL_EVENT seq=214 speed=28 status=0
LVGL_EVENT seq=215 speed=30 status=0
LVGL_EVENT seq=216 speed=32 status=0
LVGL_EVENT seq=217 speed=34 status=0
LVGL_EVENT seq=218 speed=36 status=0
LVGL_EVENT seq=219 speed=38 status=0
LVGL_EVENT seq=220 speed=40 status=0
LVGL_EVENT seq=221 speed=42 status=0
LVGL_EVENT seq=222 speed=44 status=0
LVGL_EVENT seq=223 speed=46 status=0
LVGL_EVENT seq=224 speed=48 status=0
LVGL_EVENT seq=225 speed=50 status=0
LVGL_EVENT seq=226 speed=52 status=0
LVGL_EVENT seq=227 speed=54 status=0
LVGL_EVENT seq=228 speed=56 status=0
LVGL_EVENT seq=229 speed=58 status=0
LVGL_EVENT seq=230 speed=60 status=0
LVGL_EVENT seq=231 speed=62 status=0
LVGL_EVENT seq=232 speed=64 status=0
LVGL_EVENT seq=233 speed=66 status=0
LVGL_EVENT seq=234 speed=68 status=0
LVGL_EVENT seq=235 speed=70 status=0
LVGL_EVENT seq=236 speed=72 status=0
LVGL_EVENT seq=237 speed=74 status=0
LVGL_EVENT seq=238 speed=76 status=0
LVGL_EVENT seq=239 speed=78 status=0
LVGL_EVENT seq=240 speed=80 status=0
LVGL_EVENT seq=241 speed=82 status=0
LVGL_EVENT seq=242 speed=84 status=0
LVGL_EVENT seq=243 speed=86 status=0
LVGL_EVENT seq=244 speed=88 status=0
LVGL_EVENT seq=245 speed=90 status=0
LVGL_EVENT seq=246 speed=92 status=0
LVGL_EVENT seq=247 speed=94 status=0
LVGL_EVENT seq=248 speed=96 status=0
LVGL_EVENT seq=249 speed=98 status=0
LVGL_EVENT seq=250 speed=100 status=0
LVGL_EVENT seq=251 speed=98 status=0
LVGL_EVENT seq=252 speed=96 status=0
LVGL_EVENT seq=253 speed=94 status=0
LVGL_EVENT seq=254 speed=92 status=0
LVGL_EVENT seq=255 speed=90 status=0
LVGL_EVENT seq=256 speed=88 status=0
LVGL_EVENT seq=257 speed=86 status=0
LVGL_EVENT seq=258 speed=84 status=0
LVGL_EVENT seq=259 speed=82 status=0
LVGL_EVENT seq=260 speed=80 status=0
LVGL_EVENT seq=261 speed=78 status=0
LVGL_EVENT seq=262 speed=76 status=0
LVGL_EVENT seq=263 speed=74 status=0
LVGL_EVENT seq=264 speed=72 status=0
LVGL_EVENT seq=265 speed=70 status=0
LVGL_EVENT seq=266 speed=68 status=0
LVGL_EVENT seq=267 speed=66 status=0
LVGL_EVENT seq=268 speed=64 status=0
LVGL_EVENT seq=269 speed=62 status=0
LVGL_EVENT seq=270 speed=60 status=0
LVGL_EVENT seq=271 speed=58 status=0
LVGL_EVENT seq=272 speed=56 status=0
LVGL_EVENT seq=273 speed=54 status=0
LVGL_EVENT seq=274 speed=52 status=0
LVGL_EVENT seq=275 speed=50 status=0
LVGL_EVENT seq=276 speed=48 status=0
LVGL_EVENT seq=277 speed=46 status=0
LVGL_EVENT seq=278 speed=44 status=0
LVGL_EVENT seq=279 speed=42 status=0
LVGL_EVENT seq=280 speed=40 status=0
LVGL_EVENT seq=281 speed=38 status=0
LVGL_EVENT seq=282 speed=36 status=0
LVGL_EVENT seq=283 speed=34 status=0
LVGL_EVENT seq=284 speed=32 status=0
LVGL_EVENT seq=285 speed=30 status=0
LVGL_EVENT seq=286 speed=28 status=0
LVGL_EVENT seq=287 speed=26 status=0
LVGL_EVENT seq=288 speed=24 status=0
LVGL_EVENT seq=289 speed=22 status=0
LVGL_EVENT seq=290 speed=20 status=0
LVGL_EVENT seq=291 speed=18 status=0
LVGL_EVENT seq=292 speed=16 status=0
LVGL_EVENT seq=293 speed=14 status=0
LVGL_EVENT seq=294 speed=12 status=0
LVGL_EVENT seq=295 speed=10 status=0
LVGL_EVENT seq=296 speed=8 status=0
LVGL_EVENT seq=297 speed=6 status=0
LVGL_EVENT seq=298 speed=4 status=0
LVGL_EVENT seq=299 speed=2 status=0
LVGL_EVENT seq=300 speed=0 status=0
LVGL_EVENT seq=301 speed=2 status=0
LVGL_EVENT seq=302 speed=4 status=0
LVGL_EVENT seq=303 speed=6 status=0
LVGL_EVENT seq=304 speed=8 status=0
LVGL_EVENT seq=305 speed=10 status=0
LVGL_EVENT seq=306 speed=12 status=0
LVGL_EVENT seq=307 speed=14 status=0
LVGL_EVENT seq=308 speed=16 status=0
LVGL_EVENT seq=309 speed=18 status=0
LVGL_EVENT seq=310 speed=20 status=0
LVGL_EVENT seq=311 speed=22 status=0
LVGL_EVENT seq=312 speed=24 status=0
LVGL_EVENT seq=313 speed=26 status=0
LVGL_EVENT seq=314 speed=28 status=0
LVGL_EVENT seq=315 speed=30 status=0
LVGL_EVENT seq=316 speed=32 status=0
LVGL_EVENT seq=317 speed=34 status=0
LVGL_EVENT seq=318 speed=36 status=0
LVGL_EVENT seq=319 speed=38 status=0
LVGL_EVENT seq=320 speed=40 status=0
LVGL_EVENT seq=321 speed=42 status=0
LVGL_EVENT seq=322 speed=44 status=0
LVGL_EVENT seq=323 speed=46 status=0
LVGL_EVENT seq=324 speed=48 status=0
LVGL_EVENT seq=325 speed=50 status=0
LVGL_EVENT seq=326 speed=52 status=0
LVGL_EVENT seq=327 speed=54 status=0
LVGL_EVENT seq=328 speed=56 status=0
LVGL_EVENT seq=329 speed=58 status=0
LVGL_EVENT seq=330 speed=60 status=0
LVGL_EVENT seq=331 speed=62 status=0
LVGL_EVENT seq=332 speed=64 status=0
LVGL_EVENT seq=333 speed=66 status=0
LVGL_EVENT seq=334 speed=68 status=0
LVGL_EVENT seq=335 speed=70 status=0
LVGL_EVENT seq=336 speed=72 status=0
LVGL_EVENT seq=337 speed=74 status=0
LVGL_EVENT seq=338 speed=76 status=0
LVGL_EVENT seq=339 speed=78 status=0
LVGL_EVENT seq=340 speed=80 status=0
LVGL_EVENT seq=341 speed=82 status=0
LVGL_EVENT seq=342 speed=84 status=0
LVGL_EVENT seq=343 speed=86 status=0
LVGL_EVENT seq=344 speed=88 status=0
LVGL_EVENT seq=345 speed=90 status=0
LVGL_EVENT seq=346 speed=92 status=0
LVGL_EVENT seq=347 speed=94 status=0
LVGL_EVENT seq=348 speed=96 status=0
LVGL_EVENT seq=349 speed=98 status=0
LVGL_EVENT seq=350 speed=100 status=0
LVGL_EVENT seq=351 speed=98 status=0
LVGL_EVENT seq=352 speed=96 status=0
LVGL_EVENT seq=353 speed=94 status=0
LVGL_EVENT seq=354 speed=92 status=0
LVGL_EVENT seq=355 speed=90 status=0
LVGL_EVENT seq=356 speed=88 status=0
LVGL_EVENT seq=357 speed=86 status=0
LVGL_EVENT seq=358 speed=84 status=0
LVGL_EVENT seq=359 speed=82 status=0
LVGL_EVENT seq=360 speed=80 status=0
LVGL_EVENT seq=361 speed=78 status=0
LVGL_EVENT seq=362 speed=76 status=0
LVGL_EVENT seq=363 speed=74 status=0
LVGL_EVENT seq=364 speed=72 status=0
LVGL_EVENT seq=365 speed=70 status=0
LVGL_EVENT seq=366 speed=68 status=0
LVGL_EVENT seq=367 speed=66 status=0
LVGL_EVENT seq=368 speed=64 status=0
LVGL_EVENT seq=369 speed=62 status=0
LVGL_EVENT seq=370 speed=60 status=0
LVGL_EVENT seq=371 speed=58 status=0
LVGL_EVENT seq=372 speed=56 status=0
LVGL_EVENT seq=373 speed=54 status=0
LVGL_EVENT seq=374 speed=52 status=0
LVGL_EVENT seq=375 speed=50 status=0
LVGL_EVENT seq=376 speed=48 status=0
LVGL_EVENT seq=377 speed=46 status=0
LVGL_EVENT seq=378 speed=44 status=0
LVGL_EVENT seq=379 speed=42 status=0
LVGL_EVENT seq=380 speed=40 status=0
LVGL_EVENT seq=381 speed=38 status=0
LVGL_EVENT seq=382 speed=36 status=0
LVGL_EVENT seq=383 speed=34 status=0
LVGL_EVENT seq=384 speed=32 status=0
LVGL_EVENT seq=385 speed=30 status=0
LVGL_EVENT seq=386 speed=28 status=0
LVGL_EVENT seq=387 speed=26 status=0
LVGL_EVENT seq=388 speed=24 status=0
LVGL_EVENT seq=389 speed=22 status=0
LVGL_EVENT seq=390 speed=20 status=0
LVGL_EVENT seq=391 speed=18 status=0
LVGL_EVENT seq=392 speed=16 status=0
LVGL_EVENT seq=393 speed=14 status=0
LVGL_EVENT seq=394 speed=12 status=0
LVGL_EVENT seq=395 speed=10 status=0
LVGL_EVENT seq=396 speed=8 status=0
LVGL_EVENT seq=397 speed=6 status=0
LVGL_EVENT seq=398 speed=4 status=0
LVGL_EVENT seq=399 speed=2 status=0
LVGL_EVENT seq=400 speed=0 status=0
LVGL_EVENT seq=401 speed=2 status=0
LVGL_EVENT seq=402 speed=4 status=0
LVGL_EVENT seq=403 speed=6 status=0
LVGL_EVENT seq=404 speed=8 status=0
LVGL_EVENT seq=405 speed=10 status=0
LVGL_EVENT seq=406 speed=12 status=0
LVGL_EVENT seq=407 speed=14 status=0
LVGL_EVENT seq=408 speed=16 status=0
LVGL_EVENT seq=409 speed=18 status=0
LVGL_EVENT seq=410 speed=20 status=0
LVGL_EVENT seq=411 speed=22 status=0
LVGL_EVENT seq=412 speed=24 status=0
LVGL_EVENT seq=413 speed=26 status=0
LVGL_EVENT seq=414 speed=28 status=0
LVGL_EVENT seq=415 speed=30 status=0
LVGL_EVENT seq=416 speed=32 status=0
LVGL_EVENT seq=417 speed=34 status=0
LVGL_EVENT seq=418 speed=36 status=0
LVGL_EVENT seq=419 speed=38 status=0
LVGL_EVENT seq=420 speed=40 status=0
LVGL_EVENT seq=421 speed=42 status=0
LVGL_EVENT seq=422 speed=44 status=0
LVGL_EVENT seq=423 speed=46 status=0
LVGL_EVENT seq=424 speed=48 status=0
LVGL_EVENT seq=425 speed=50 status=0
LVGL_EVENT seq=426 speed=52 status=0
LVGL_EVENT seq=427 speed=54 status=0
LVGL_EVENT seq=428 speed=56 status=0
LVGL_EVENT seq=429 speed=58 status=0
LVGL_EVENT seq=430 speed=60 status=0
LVGL_EVENT seq=431 speed=62 status=0
LVGL_EVENT seq=432 speed=64 status=0
LVGL_EVENT seq=433 speed=66 status=0
LVGL_EVENT seq=434 speed=68 status=0
LVGL_EVENT seq=435 speed=70 status=0
LVGL_EVENT seq=436 speed=72 status=0
LVGL_EVENT seq=437 speed=74 status=0
LVGL_EVENT seq=438 speed=76 status=0
LVGL_EVENT seq=439 speed=78 status=0
LVGL_EVENT seq=440 speed=80 status=0
LVGL_EVENT seq=441 speed=82 status=0
LVGL_EVENT seq=442 speed=84 status=0
LVGL_EVENT seq=443 speed=86 status=0
LVGL_EVENT seq=444 speed=88 status=0
LVGL_EVENT seq=445 speed=90 status=0
LVGL_EVENT seq=446 speed=92 status=0
LVGL_EVENT seq=447 speed=94 status=0
LVGL_EVENT seq=448 speed=96 status=0
LVGL_EVENT seq=449 speed=98 status=0
LVGL_EVENT seq=450 speed=100 status=0
LVGL_EVENT seq=451 speed=98 status=0
LVGL_EVENT seq=452 speed=96 status=0
LVGL_EVENT seq=453 speed=94 status=0
LVGL_EVENT seq=454 speed=92 status=0
LVGL_EVENT seq=455 speed=90 status=0
LVGL_EVENT seq=456 speed=88 status=0
LVGL_EVENT seq=457 speed=86 status=0
LVGL_EVENT seq=458 speed=84 status=0
LVGL_EVENT seq=459 speed=82 status=0
LVGL_EVENT seq=460 speed=80 status=0
LVGL_EVENT seq=461 speed=78 status=0
LVGL_EVENT seq=462 speed=76 status=0
LVGL_EVENT seq=463 speed=74 status=0
LVGL_EVENT seq=464 speed=72 status=0
LVGL_EVENT seq=465 speed=70 status=0
LVGL_EVENT seq=466 speed=68 status=0
LVGL_EVENT seq=467 speed=66 status=0
LVGL_EVENT seq=468 speed=64 status=0
LVGL_EVENT seq=469 speed=62 status=0
LVGL_EVENT seq=470 speed=60 status=0
LVGL_EVENT seq=471 speed=58 status=0
LVGL_EVENT seq=472 speed=56 status=0
LVGL_EVENT seq=473 speed=54 status=0
LVGL_EVENT seq=474 speed=52 status=0
LVGL_EVENT seq=475 speed=50 status=0
LVGL_EVENT seq=476 speed=48 status=0
LVGL_EVENT seq=477 speed=46 status=0
LVGL_EVENT seq=478 speed=44 status=0
LVGL_EVENT seq=479 speed=42 status=0
LVGL_EVENT seq=480 speed=40 status=0
LVGL_EVENT seq=481 speed=38 status=0
LVGL_EVENT seq=482 speed=36 status=0
LVGL_EVENT seq=483 speed=34 status=0
LVGL_EVENT seq=484 speed=32 status=0
LVGL_EVENT seq=485 speed=30 status=0
LVGL_EVENT seq=486 speed=28 status=0
LVGL_EVENT seq=487 speed=26 status=0
LVGL_EVENT seq=488 speed=24 status=0
LVGL_EVENT seq=489 speed=22 status=0
LVGL_EVENT seq=490 speed=20 status=0
LVGL_EVENT seq=491 speed=18 status=0
LVGL_EVENT seq=492 speed=16 status=0
LVGL_EVENT seq=493 speed=14 status=0
LVGL_EVENT seq=494 speed=12 status=0
LVGL_EVENT seq=495 speed=10 status=0
LVGL_EVENT seq=496 speed=8 status=0
LVGL_EVENT seq=497 speed=6 status=0
LVGL_EVENT seq=498 speed=4 status=0
LVGL_EVENT seq=499 speed=2 status=0
LVGL_EVENT seq=500 speed=0 status=0
LVGL_EVENT seq=501 speed=2 status=0
LVGL_EVENT seq=502 speed=4 status=0
LVGL_EVENT seq=503 speed=6 status=0
LVGL_EVENT seq=504 speed=8 status=0
LVGL_EVENT seq=505 speed=10 status=0
LVGL_EVENT seq=506 speed=12 status=0
LVGL_EVENT seq=507 speed=14 status=0
LVGL_EVENT seq=508 speed=16 status=0
LVGL_EVENT seq=509 speed=18 status=0
LVGL_EVENT seq=510 speed=20 status=0
LVGL_EVENT seq=511 speed=22 status=0
LVGL_EVENT seq=512 speed=24 status=0
LVGL_EVENT seq=513 speed=26 status=0
LVGL_EVENT seq=514 speed=28 status=0
LVGL_EVENT seq=515 speed=30 status=0
LVGL_EVENT seq=516 speed=32 status=0
LVGL_EVENT seq=517 speed=34 status=0
LVGL_EVENT seq=518 speed=36 status=0
LVGL_EVENT seq=519 speed=38 status=0
LVGL_EVENT seq=520 speed=40 status=0
LVGL_EVENT seq=521 speed=42 status=0
LVGL_EVENT seq=522 speed=44 status=0
LVGL_EVENT seq=523 speed=46 status=0
LVGL_EVENT seq=524 speed=48 status=0
LVGL_EVENT seq=525 speed=50 status=0
LVGL_EVENT seq=526 speed=52 status=0
LVGL_EVENT seq=527 speed=54 status=0
LVGL_EVENT seq=528 speed=56 status=0
LVGL_EVENT seq=529 speed=58 status=0
LVGL_EVENT seq=530 speed=60 status=0
LVGL_EVENT seq=531 speed=62 status=0
LVGL_EVENT seq=532 speed=64 status=0
LVGL_EVENT seq=533 speed=66 status=0
LVGL_EVENT seq=534 speed=68 status=0
LVGL_EVENT seq=535 speed=70 status=0
LVGL_EVENT seq=536 speed=72 status=0
LVGL_EVENT seq=537 speed=74 status=0
LVGL_EVENT seq=538 speed=76 status=0
LVGL_EVENT seq=539 speed=78 status=0
LVGL_EVENT seq=540 speed=80 status=0
LVGL_EVENT seq=541 speed=82 status=0
LVGL_EVENT seq=542 speed=84 status=0
LVGL_EVENT seq=543 speed=86 status=0
LVGL_EVENT seq=544 speed=88 status=0
LVGL_EVENT seq=545 speed=90 status=0
LVGL_EVENT seq=546 speed=92 status=0
LVGL_EVENT seq=547 speed=94 status=0
LVGL_EVENT seq=548 speed=96 status=0
LVGL_EVENT seq=549 speed=98 status=0
LVGL_EVENT seq=550 speed=100 status=0
LVGL_EVENT seq=551 speed=98 status=0
LVGL_EVENT seq=552 speed=96 status=0
LVGL_EVENT seq=553 speed=94 status=0
LVGL_EVENT seq=554 speed=92 status=0
LVGL_EVENT seq=555 speed=90 status=0
LVGL_EVENT seq=556 speed=88 status=0
LVGL_EVENT seq=557 speed=86 status=0
LVGL_EVENT seq=558 speed=84 status=0
LVGL_EVENT seq=559 speed=82 status=0
LVGL_EVENT seq=560 speed=80 status=0
LVGL_EVENT seq=561 speed=78 status=0
LVGL_EVENT seq=562 speed=76 status=0
LVGL_EVENT seq=563 speed=74 status=0
LVGL_EVENT seq=564 speed=72 status=0
LVGL_EVENT seq=565 speed=70 status=0
LVGL_EVENT seq=566 speed=68 status=0
LVGL_EVENT seq=567 speed=66 status=0
LVGL_EVENT seq=568 speed=64 status=0
LVGL_EVENT seq=569 speed=62 status=0
LVGL_EVENT seq=570 speed=60 status=0
LVGL_EVENT seq=571 speed=58 status=0
LVGL_EVENT seq=572 speed=56 status=0
LVGL_EVENT seq=573 speed=54 status=0
LVGL_EVENT seq=574 speed=52 status=0
LVGL_EVENT seq=575 speed=50 status=0
LVGL_EVENT seq=576 speed=48 status=0
LVGL_EVENT seq=577 speed=46 status=0
LVGL_EVENT seq=578 speed=44 status=0
LVGL_EVENT seq=579 speed=42 status=0
LVGL_EVENT seq=580 speed=40 status=0
LVGL_EVENT seq=581 speed=38 status=0
LVGL_EVENT seq=582 speed=36 status=0
LVGL_EVENT seq=583 speed=34 status=0
LVGL_EVENT seq=584 speed=32 status=0
LVGL_EVENT seq=585 speed=30 status=0
LVGL_EVENT seq=586 speed=28 status=0
LVGL_EVENT seq=587 speed=26 status=0
LVGL_EVENT seq=588 speed=24 status=0
LVGL_EVENT seq=589 speed=22 status=0
LVGL_EVENT seq=590 speed=20 status=0
LVGL_EVENT seq=591 speed=18 status=0
LVGL_EVENT seq=592 speed=16 status=0
LVGL_EVENT seq=593 speed=14 status=0
LVGL_EVENT seq=594 speed=12 status=0
LVGL_EVENT seq=595 speed=10 status=0
LVGL_EVENT seq=596 speed=8 status=0
LVGL_EVENT seq=597 speed=6 status=0
LVGL_EVENT seq=598 speed=4 status=0
LVGL_EVENT seq=599 speed=2 status=0
[VehicleState] Required field 'speedKph' out of range [0, 200] (got 255)
[VehicleState] Required field 'rpm' out of range [0, 8000] (got 9999)
[VehicleState] Required field 'soc' out of range [0, 100] (got 150)
[VehicleState] Optional field 'engineCoolantTemp' out of range [-50.0, 200.0] (got -999.00)
[VehicleState] Optional field 'evBatteryLevel' out of range [0.0, 100.0] (got 150.00)
LVGL_EVENT seq=600 speed=255 status=1
[VehicleState] Required field 'speedKph' out of range [0, 200] (got 255)
[VehicleState] Required field 'rpm' out of range [0, 8000] (got 9999)
[VehicleState] Required field 'soc' out of range [0, 100] (got 150)
[VehicleState] Optional field 'engineCoolantTemp' out of range [-50.0, 200.0] (got -999.00)
[VehicleState] Optional field 'evBatteryLevel' out of range [0.0, 100.0] (got 150.00)
LVGL_EVENT seq=601 speed=255 status=1
[VehicleState] Required field 'speedKph' out of range [0, 200] (got 255)
[VehicleState] Required field 'rpm' out of range [0, 8000] (got 9999)
[VehicleState] Required field 'soc' out of range [0, 100] (got 150)
[VehicleState] Optional field 'engineCoolantTemp' out of range [-50.0, 200.0] (got -999.00)
[VehicleState] Optional field 'evBatteryLevel' out of range [0.0, 100.0] (got 150.00)
LVGL_EVENT seq=602 speed=255 status=1
[VehicleState] Required field 'speedKph' out of range [0, 200] (got 255)
[VehicleState] Required field 'rpm' out of range [0, 8000] (got 9999)
[VehicleState] Required field 'soc' out of range [0, 100] (got 150)
[VehicleState] Optional field 'engineCoolantTemp' out of range [-50.0, 200.0] (got -999.00)
[VehicleState] Optional field 'evBatteryLevel' out of range [0.0, 100.0] (got 150.00)
LVGL_EVENT seq=603 speed=255 status=1
[VehicleState] Required field 'speedKph' out of range [0, 200] (got 255)
[VehicleState] Required field 'rpm' out of range [0, 8000] (got 9999)
[VehicleState] Required field 'soc' out of range [0, 100] (got 150)
[VehicleState] Optional field 'engineCoolantTemp' out of range [-50.0, 200.0] (got -999.00)
[VehicleState] Optional field 'evBatteryLevel' out of range [0.0, 100.0] (got 150.00)
LVGL_EVENT seq=604 speed=255 status=1
[VehicleState] Required field 'speedKph' out of range [0, 200] (got 255)
[VehicleState] Required field 'rpm' out of range [0, 8000] (got 9999)
[VehicleState] Required field 'soc' out of range [0, 100] (got 150)
[VehicleState] Optional field 'engineCoolantTemp' out of range [-50.0, 200.0] (got -999.00)
[VehicleState] Optional field 'evBatteryLevel' out of range [0.0, 100.0] (got 150.00)
LVGL_EVENT seq=605 speed=255 status=1
[VehicleState] Required field 'speedKph' out of range [0, 200] (got 255)
[VehicleState] Required field 'rpm' out of range [0, 8000] (got 9999)
[VehicleState] Required field 'soc' out of range [0, 100] (got 150)
[VehicleState] Optional field 'engineCoolantTemp' out of range [-50.0, 200.0] (got -999.00)
[VehicleState] Optional field 'evBatteryLevel' out of range [0.0, 100.0] (got 150.00)
LVGL_EVENT seq=606 speed=255 status=1
[VehicleState] Required field 'speedKph' out of range [0, 200] (got 255)
[VehicleState] Required field 'rpm' out of range [0, 8000] (got 9999)
[VehicleState] Required field 'soc' out of range [0, 100] (got 150)
[VehicleState] Optional field 'engineCoolantTemp' out of range [-50.0, 200.0] (got -999.00)
[VehicleState] Optional field 'evBatteryLevel' out of range [0.0, 100.0] (got 150.00)
LVGL_EVENT seq=607 speed=255 status=1
[VehicleState] Required field 'speedKph' out of range [0, 200] (got 255)
[VehicleState] Required field 'rpm' out of range [0, 8000] (got 9999)
[VehicleState] Required field 'soc' out of range [0, 100] (got 150)
[VehicleState] Optional field 'engineCoolantTemp' out of range [-50.0, 200.0] (got -999.00)
[VehicleState] Optional field 'evBatteryLevel' out of range [0.0, 100.0] (got 150.00)
LVGL_EVENT seq=608 speed=255 status=1
[VehicleState] Required field 'speedKph' out of range [0, 200] (got 255)
[VehicleState] Required field 'rpm' out of range [0, 8000] (got 9999)
[VehicleState] Required field 'soc' out of range [0, 100] (got 150)
[VehicleState] Optional field 'engineCoolantTemp' out of range [-50.0, 200.0] (got -999.00)
[VehicleState] Optional field 'evBatteryLevel' out of range [0.0, 100.0] (got 150.00)
LVGL_EVENT seq=609 speed=255 status=1
[VehicleState] Required field 'speedKph' out of range [0, 200] (got 255)
[VehicleState] Required field 'rpm' out of range [0, 8000] (got 9999)
[VehicleState] Required field 'soc' out of range [0, 100] (got 150)
[VehicleState] Optional field 'engineCoolantTemp' out of range [-50.0, 200.0] (got -999.00)
[VehicleState] Optional field 'evBatteryLevel' out of range [0.0, 100.0] (got 150.00)
LVGL_EVENT seq=610 speed=255 status=1
[VehicleState] Required field 'speedKph' out of range [0, 200] (got 255)
[VehicleState] Required field 'rpm' out of range [0, 8000] (got 9999)
[VehicleState] Required field 'soc' out of range [0, 100] (got 150)
[VehicleState] Optional field 'engineCoolantTemp' out of range [-50.0, 200.0] (got -999.00)
[VehicleState] Optional field 'evBatteryLevel' out of range [0.0, 100.0] (got 150.00)
LVGL_EVENT seq=611 speed=255 status=1
[VehicleState] Required field 'speedKph' out of range [0, 200] (got 255)
[VehicleState] Required field 'rpm' out of range [0, 8000] (got 9999)
[VehicleState] Required field 'soc' out of range [0, 100] (got 150)
[VehicleState] Optional field 'engineCoolantTemp' out of range [-50.0, 200.0] (got -999.00)
[VehicleState] Optional field 'evBatteryLevel' out of range [0.0, 100.0] (got 150.00)
LVGL_EVENT seq=612 speed=255 status=1
[VehicleState] Required field 'speedKph' out of range [0, 200] (got 255)
[VehicleState] Required field 'rpm' out of range [0, 8000] (got 9999)
[VehicleState] Required field 'soc' out of range [0, 100] (got 150)
[VehicleState] Optional field 'engineCoolantTemp' out of range [-50.0, 200.0] (got -999.00)
[VehicleState] Optional field 'evBatteryLevel' out of range [0.0, 100.0] (got 150.00)
LVGL_EVENT seq=613 speed=255 status=1
[VehicleState] Required field 'speedKph' out of range [0, 200] (got 255)
[VehicleState] Required field 'rpm' out of range [0, 8000] (got 9999)
[VehicleState] Required field 'soc' out of range [0, 100] (got 150)
[VehicleState] Optional field 'engineCoolantTemp' out of range [-50.0, 200.0] (got -999.00)
[VehicleState] Optional field 'evBatteryLevel' out of range [0.0, 100.0] (got 150.00)
LVGL_EVENT seq=614 speed=255 status=1
[VehicleState] Required field 'speedKph' out of range [0, 200] (got 255)
[VehicleState] Required field 'rpm' out of range [0, 8000] (got 9999)
[VehicleState] Required field 'soc' out of range [0, 100] (got 150)
[VehicleState] Optional field 'engineCoolantTemp' out of range [-50.0, 200.0] (got -999.00)
[VehicleState] Optional field 'evBatteryLevel' out of range [0.0, 100.0] (got 150.00)
LVGL_EVENT seq=615 speed=255 status=1
[VehicleState] Required field 'speedKph' out of range [0, 200] (got 255)
[VehicleState] Required field 'rpm' out of range [0, 8000] (got 9999)
[VehicleState] Required field 'soc' out of range [0, 100] (got 150)
[VehicleState] Optional field 'engineCoolantTemp' out of range [-50.0, 200.0] (got -999.00)
[VehicleState] Optional field 'evBatteryLevel' out of range [0.0, 100.0] (got 150.00)
LVGL_EVENT seq=616 speed=255 status=1
[VehicleState] Required field 'speedKph' out of range [0, 200] (got 255)
[VehicleState] Required field 'rpm' out of range [0, 8000] (got 9999)
[VehicleState] Required field 'soc' out of range [0, 100] (got 150)
[VehicleState] Optional field 'engineCoolantTemp' out of range [-50.0, 200.0] (got -999.00)
[VehicleState] Optional field 'evBatteryLevel' out of range [0.0, 100.0] (got 150.00)
LVGL_EVENT seq=617 speed=255 status=1
[VehicleState] Required field 'speedKph' out of range [0, 200] (got 255)
[VehicleState] Required field 'rpm' out of range [0, 8000] (got 9999)
[VehicleState] Required field 'soc' out of range [0, 100] (got 150)
[VehicleState] Optional field 'engineCoolantTemp' out of range [-50.0, 200.0] (got -999.00)
[VehicleState] Optional field 'evBatteryLevel' out of range [0.0, 100.0] (got 150.00)
LVGL_EVENT seq=618 speed=255 status=1
[VehicleState] Required field 'speedKph' out of range [0, 200] (got 255)
[VehicleState] Required field 'rpm' out of range [0, 8000] (got 9999)
[VehicleState] Required field 'soc' out of range [0, 100] (got 150)
[VehicleState] Optional field 'engineCoolantTemp' out of range [-50.0, 200.0] (got -999.00)
[VehicleState] Optional field 'evBatteryLevel' out of range [0.0, 100.0] (got 150.00)
LVGL_EVENT seq=619 speed=255 status=1
[VehicleState] Required field 'speedKph' out of range [0, 200] (got 255)
[VehicleState] Required field 'rpm' out of range [0, 8000] (got 9999)
[VehicleState] Required field 'soc' out of range [0, 100] (got 150)
[VehicleState] Optional field 'engineCoolantTemp' out of range [-50.0, 200.0] (got -999.00)
[VehicleState] Optional field 'evBatteryLevel' out of range [0.0, 100.0] (got 150.00)
LVGL_EVENT seq=620 speed=255 status=1
[VehicleState] Required field 'speedKph' out of range [0, 200] (got 255)
[VehicleState] Required field 'rpm' out of range [0, 8000] (got 9999)
[VehicleState] Required field 'soc' out of range [0, 100] (got 150)
[VehicleState] Optional field 'engineCoolantTemp' out of range [-50.0, 200.0] (got -999.00)
[VehicleState] Optional field 'evBatteryLevel' out of range [0.0, 100.0] (got 150.00)
LVGL_EVENT seq=621 speed=255 status=1
[VehicleState] Required field 'speedKph' out of range [0, 200] (got 255)
[VehicleState] Required field 'rpm' out of range [0, 8000] (got 9999)
[VehicleState] Required field 'soc' out of range [0, 100] (got 150)
[VehicleState] Optional field 'engineCoolantTemp' out of range [-50.0, 200.0] (got -999.00)
[VehicleState] Optional field 'evBatteryLevel' out of range [0.0, 100.0] (got 150.00)
LVGL_EVENT seq=622 speed=255 status=1
[VehicleState] Required field 'speedKph' out of range [0, 200] (got 255)
[VehicleState] Required field 'rpm' out of range [0, 8000] (got 9999)
[VehicleState] Required field 'soc' out of range [0, 100] (got 150)
[VehicleState] Optional field 'engineCoolantTemp' out of range [-50.0, 200.0] (got -999.00)
[VehicleState] Optional field 'evBatteryLevel' out of range [0.0, 100.0] (got 150.00)
LVGL_EVENT seq=623 speed=255 status=1
[VehicleState] Required field 'speedKph' out of range [0, 200] (got 255)
[VehicleState] Required field 'rpm' out of range [0, 8000] (got 9999)
[VehicleState] Required field 'soc' out of range [0, 100] (got 150)
[VehicleState] Optional field 'engineCoolantTemp' out of range [-50.0, 200.0] (got -999.00)
[VehicleState] Optional field 'evBatteryLevel' out of range [0.0, 100.0] (got 150.00)
LVGL_EVENT seq=624 speed=255 status=1
[VehicleState] Required field 'speedKph' out of range [0, 200] (got 255)
[VehicleState] Required field 'rpm' out of range [0, 8000] (got 9999)
[VehicleState] Required field 'soc' out of range [0, 100] (got 150)
[VehicleState] Optional field 'engineCoolantTemp' out of range [-50.0, 200.0] (got -999.00)
[VehicleState] Optional field 'evBatteryLevel' out of range [0.0, 100.0] (got 150.00)
LVGL_EVENT seq=625 speed=255 status=1
[VehicleState] Required field 'speedKph' out of range [0, 200] (got 255)
[VehicleState] Required field 'rpm' out of range [0, 8000] (got 9999)
[VehicleState] Required field 'soc' out of range [0, 100] (got 150)
[VehicleState] Optional field 'engineCoolantTemp' out of range [-50.0, 200.0] (got -999.00)
[VehicleState] Optional field 'evBatteryLevel' out of range [0.0, 100.0] (got 150.00)
LVGL_EVENT seq=626 speed=255 status=1
[VehicleState] Required field 'speedKph' out of range [0, 200] (got 255)
[VehicleState] Required field 'rpm' out of range [0, 8000] (got 9999)
[VehicleState] Required field 'soc' out of range [0, 100] (got 150)
[VehicleState] Optional field 'engineCoolantTemp' out of range [-50.0, 200.0] (got -999.00)
[VehicleState] Optional field 'evBatteryLevel' out of range [0.0, 100.0] (got 150.00)
LVGL_EVENT seq=627 speed=255 status=1
[VehicleState] Required field 'speedKph' out of range [0, 200] (got 255)
[VehicleState] Required field 'rpm' out of range [0, 8000] (got 9999)
[VehicleState] Required field 'soc' out of range [0, 100] (got 150)
[VehicleState] Optional field 'engineCoolantTemp' out of range [-50.0, 200.0] (got -999.00)
[VehicleState] Optional field 'evBatteryLevel' out of range [0.0, 100.0] (got 150.00)
LVGL_EVENT seq=628 speed=255 status=1
[VehicleState] Required field 'speedKph' out of range [0, 200] (got 255)
[VehicleState] Required field 'rpm' out of range [0, 8000] (got 9999)
[VehicleState] Required field 'soc' out of range [0, 100] (got 150)
[VehicleState] Optional field 'engineCoolantTemp' out of range [-50.0, 200.0] (got -999.00)
[VehicleState] Optional field 'evBatteryLevel' out of range [0.0, 100.0] (got 150.00)
LVGL_EVENT seq=629 speed=255 status=1
[VehicleState] Required field 'speedKph' out of range [0, 200] (got 255)
[VehicleState] Required field 'rpm' out of range [0, 8000] (got 9999)
[VehicleState] Required field 'soc' out of range [0, 100] (got 150)
[VehicleState] Optional field 'engineCoolantTemp' out of range [-50.0, 200.0] (got -999.00)
[VehicleState] Optional field 'evBatteryLevel' out of range [0.0, 100.0] (got 150.00)
LVGL_EVENT seq=630 speed=255 status=1
[VehicleState] Required field 'speedKph' out of range [0, 200] (got 255)
[VehicleState] Required field 'rpm' out of range [0, 8000] (got 9999)
[VehicleState] Required field 'soc' out of range [0, 100] (got 150)
[VehicleState] Optional field 'engineCoolantTemp' out of range [-50.0, 200.0] (got -999.00)
[VehicleState] Optional field 'evBatteryLevel' out of range [0.0, 100.0] (got 150.00)
LVGL_EVENT seq=631 speed=255 status=1
[VehicleState] Required field 'speedKph' out of range [0, 200] (got 255)
[VehicleState] Required field 'rpm' out of range [0, 8000] (got 9999)
[VehicleState] Required field 'soc' out of range [0, 100] (got 150)
[VehicleState] Optional field 'engineCoolantTemp' out of range [-50.0, 200.0] (got -999.00)
[VehicleState] Optional field 'evBatteryLevel' out of range [0.0, 100.0] (got 150.00)
LVGL_EVENT seq=632 speed=255 status=1
[VehicleState] Required field 'speedKph' out of range [0, 200] (got 255)
[VehicleState] Required field 'rpm' out of range [0, 8000] (got 9999)
[VehicleState] Required field 'soc' out of range [0, 100] (got 150)
[VehicleState] Optional field 'engineCoolantTemp' out of range [-50.0, 200.0] (got -999.00)
[VehicleState] Optional field 'evBatteryLevel' out of range [0.0, 100.0] (got 150.00)
LVGL_EVENT seq=633 speed=255 status=1
[VehicleState] Required field 'speedKph' out of range [0, 200] (got 255)
[VehicleState] Required field 'rpm' out of range [0, 8000] (got 9999)
[VehicleState] Required field 'soc' out of range [0, 100] (got 150)
[VehicleState] Optional field 'engineCoolantTemp' out of range [-50.0, 200.0] (got -999.00)
[VehicleState] Optional field 'evBatteryLevel' out of range [0.0, 100.0] (got 150.00)
LVGL_EVENT seq=634 speed=255 status=1
[VehicleState] Required field 'speedKph' out of range [0, 200] (got 255)
[VehicleState] Required field 'rpm' out of range [0, 8000] (got 9999)
[VehicleState] Required field 'soc' out of range [0, 100] (got 150)
[VehicleState] Optional field 'engineCoolantTemp' out of range [-50.0, 200.0] (got -999.00)
[VehicleState] Optional field 'evBatteryLevel' out of range [0.0, 100.0] (got 150.00)
LVGL_EVENT seq=635 speed=255 status=1
[VehicleState] Required field 'speedKph' out of range [0, 200] (got 255)
[VehicleState] Required field 'rpm' out of range [0, 8000] (got 9999)
[VehicleState] Required field 'soc' out of range [0, 100] (got 150)
[VehicleState] Optional field 'engineCoolantTemp' out of range [-50.0, 200.0] (got -999.00)
[VehicleState] Optional field 'evBatteryLevel' out of range [0.0, 100.0] (got 150.00)
LVGL_EVENT seq=636 speed=255 status=1
[VehicleState] Required field 'speedKph' out of range [0, 200] (got 255)
[VehicleState] Required field 'rpm' out of range [0, 8000] (got 9999)
[VehicleState] Required field 'soc' out of range [0, 100] (got 150)
[VehicleState] Optional field 'engineCoolantTemp' out of range [-50.0, 200.0] (got -999.00)
[VehicleState] Optional field 'evBatteryLevel' out of range [0.0, 100.0] (got 150.00)
LVGL_EVENT seq=637 speed=255 status=1
[VehicleState] Required field 'speedKph' out of range [0, 200] (got 255)
[VehicleState] Required field 'rpm' out of range [0, 8000] (got 9999)
[VehicleState] Required field 'soc' out of range [0, 100] (got 150)
[VehicleState] Optional field 'engineCoolantTemp' out of range [-50.0, 200.0] (got -999.00)
[VehicleState] Optional field 'evBatteryLevel' out of range [0.0, 100.0] (got 150.00)
LVGL_EVENT seq=638 speed=255 status=1
[VehicleState] Required field 'speedKph' out of range [0, 200] (got 255)
[VehicleState] Required field 'rpm' out of range [0, 8000] (got 9999)
[VehicleState] Required field 'soc' out of range [0, 100] (got 150)
[VehicleState] Optional field 'engineCoolantTemp' out of range [-50.0, 200.0] (got -999.00)
[VehicleState] Optional field 'evBatteryLevel' out of range [0.0, 100.0] (got 150.00)
LVGL_EVENT seq=639 speed=255 status=1
[VehicleState] Required field 'speedKph' out of range [0, 200] (got 255)
[VehicleState] Required field 'rpm' out of range [0, 8000] (got 9999)
[VehicleState] Required field 'soc' out of range [0, 100] (got 150)
[VehicleState] Optional field 'engineCoolantTemp' out of range [-50.0, 200.0] (got -999.00)
[VehicleState] Optional field 'evBatteryLevel' out of range [0.0, 100.0] (got 150.00)
LVGL_EVENT seq=640 speed=255 status=1
[VehicleState] Required field 'speedKph' out of range [0, 200] (got 255)
[VehicleState] Required field 'rpm' out of range [0, 8000] (got 9999)
[VehicleState] Required field 'soc' out of range [0, 100] (got 150)
[VehicleState] Optional field 'engineCoolantTemp' out of range [-50.0, 200.0] (got -999.00)
[VehicleState] Optional field 'evBatteryLevel' out of range [0.0, 100.0] (got 150.00)
LVGL_EVENT seq=641 speed=255 status=1
[VehicleState] Required field 'speedKph' out of range [0, 200] (got 255)
[VehicleState] Required field 'rpm' out of range [0, 8000] (got 9999)
[VehicleState] Required field 'soc' out of range [0, 100] (got 150)
[VehicleState] Optional field 'engineCoolantTemp' out of range [-50.0, 200.0] (got -999.00)
[VehicleState] Optional field 'evBatteryLevel' out of range [0.0, 100.0] (got 150.00)
LVGL_EVENT seq=642 speed=255 status=1
[VehicleState] Required field 'speedKph' out of range [0, 200] (got 255)
[VehicleState] Required field 'rpm' out of range [0, 8000] (got 9999)
[VehicleState] Required field 'soc' out of range [0, 100] (got 150)
[VehicleState] Optional field 'engineCoolantTemp' out of range [-50.0, 200.0] (got -999.00)
[VehicleState] Optional field 'evBatteryLevel' out of range [0.0, 100.0] (got 150.00)
LVGL_EVENT seq=643 speed=255 status=1
[VehicleState] Required field 'speedKph' out of range [0, 200] (got 255)
[VehicleState] Required field 'rpm' out of range [0, 8000] (got 9999)
[VehicleState] Required field 'soc' out of range [0, 100] (got 150)
[VehicleState] Optional field 'engineCoolantTemp' out of range [-50.0, 200.0] (got -999.00)
[VehicleState] Optional field 'evBatteryLevel' out of range [0.0, 100.0] (got 150.00)
LVGL_EVENT seq=644 speed=255 status=1
[VehicleState] Required field 'speedKph' out of range [0, 200] (got 255)
[VehicleState] Required field 'rpm' out of range [0, 8000] (got 9999)
[VehicleState] Required field 'soc' out of range [0, 100] (got 150)
[VehicleState] Optional field 'engineCoolantTemp' out of range [-50.0, 200.0] (got -999.00)
[VehicleState] Optional field 'evBatteryLevel' out of range [0.0, 100.0] (got 150.00)
LVGL_EVENT seq=645 speed=255 status=1
[VehicleState] Required field 'speedKph' out of range [0, 200] (got 255)
[VehicleState] Required field 'rpm' out of range [0, 8000] (got 9999)
[VehicleState] Required field 'soc' out of range [0, 100] (got 150)
[VehicleState] Optional field 'engineCoolantTemp' out of range [-50.0, 200.0] (got -999.00)
[VehicleState] Optional field 'evBatteryLevel' out of range [0.0, 100.0] (got 150.00)
LVGL_EVENT seq=646 speed=255 status=1
[VehicleState] Required field 'speedKph' out of range [0, 200] (got 255)
[VehicleState] Required field 'rpm' out of range [0, 8000] (got 9999)
[VehicleState] Required field 'soc' out of range [0, 100] (got 150)
[VehicleState] Optional field 'engineCoolantTemp' out of range [-50.0, 200.0] (got -999.00)
[VehicleState] Optional field 'evBatteryLevel' out of range [0.0, 100.0] (got 150.00)
LVGL_EVENT seq=647 speed=255 status=1
[VehicleState] Required field 'speedKph' out of range [0, 200] (got 255)
[VehicleState] Required field 'rpm' out of range [0, 8000] (got 9999)
[VehicleState] Required field 'soc' out of range [0, 100] (got 150)
[VehicleState] Optional field 'engineCoolantTemp' out of range [-50.0, 200.0] (got -999.00)
[VehicleState] Optional field 'evBatteryLevel' out of range [0.0, 100.0] (got 150.00)
LVGL_EVENT seq=648 speed=255 status=1
[VehicleState] Required field 'speedKph' out of range [0, 200] (got 255)
[VehicleState] Required field 'rpm' out of range [0, 8000] (got 9999)
[VehicleState] Required field 'soc' out of range [0, 100] (got 150)
[VehicleState] Optional field 'engineCoolantTemp' out of range [-50.0, 200.0] (got -999.00)
[VehicleState] Optional field 'evBatteryLevel' out of range [0.0, 100.0] (got 150.00)
LVGL_EVENT seq=649 speed=255 status=1
[VehicleState] Required field 'speedKph' out of range [0, 200] (got 255)
[VehicleState] Required field 'rpm' out of range [0, 8000] (got 9999)
[VehicleState] Required field 'soc' out of range [0, 100] (got 150)
[VehicleState] Optional field 'engineCoolantTemp' out of range [-50.0, 200.0] (got -999.00)
[VehicleState] Optional field 'evBatteryLevel' out of range [0.0, 100.0] (got 150.00)
LVGL_EVENT seq=650 speed=255 status=1
[VehicleState] Required field 'speedKph' out of range [0, 200] (got 255)
[VehicleState] Required field 'rpm' out of range [0, 8000] (got 9999)
[VehicleState] Required field 'soc' out of range [0, 100] (got 150)
[VehicleState] Optional field 'engineCoolantTemp' out of range [-50.0, 200.0] (got -999.00)
[VehicleState] Optional field 'evBatteryLevel' out of range [0.0, 100.0] (got 150.00)
LVGL_EVENT seq=651 speed=255 status=1
[VehicleState] Required field 'speedKph' out of range [0, 200] (got 255)
[VehicleState] Required field 'rpm' out of range [0, 8000] (got 9999)
[VehicleState] Required field 'soc' out of range [0, 100] (got 150)
[VehicleState] Optional field 'engineCoolantTemp' out of range [-50.0, 200.0] (got -999.00)
[VehicleState] Optional field 'evBatteryLevel' out of range [0.0, 100.0] (got 150.00)
LVGL_EVENT seq=652 speed=255 status=1
[VehicleState] Required field 'speedKph' out of range [0, 200] (got 255)
[VehicleState] Required field 'rpm' out of range [0, 8000] (got 9999)
[VehicleState] Required field 'soc' out of range [0, 100] (got 150)
[VehicleState] Optional field 'engineCoolantTemp' out of range [-50.0, 200.0] (got -999.00)
[VehicleState] Optional field 'evBatteryLevel' out of range [0.0, 100.0] (got 150.00)
LVGL_EVENT seq=653 speed=255 status=1
[VehicleState] Required field 'speedKph' out of range [0, 200] (got 255)
[VehicleState] Required field 'rpm' out of range [0, 8000] (got 9999)
[VehicleState] Required field 'soc' out of range [0, 100] (got 150)
[VehicleState] Optional field 'engineCoolantTemp' out of range [-50.0, 200.0] (got -999.00)
[VehicleState] Optional field 'evBatteryLevel' out of range [0.0, 100.0] (got 150.00)
LVGL_EVENT seq=654 speed=255 status=1
[VehicleState] Required field 'speedKph' out of range [0, 200] (got 255)
[VehicleState] Required field 'rpm' out of range [0, 8000] (got 9999)
[VehicleState] Required field 'soc' out of range [0, 100] (got 150)
[VehicleState] Optional field 'engineCoolantTemp' out of range [-50.0, 200.0] (got -999.00)
[VehicleState] Optional field 'evBatteryLevel' out of range [0.0, 100.0] (got 150.00)
LVGL_EVENT seq=655 speed=255 status=1
[VehicleState] Required field 'speedKph' out of range [0, 200] (got 255)
[VehicleState] Required field 'rpm' out of range [0, 8000] (got 9999)
[VehicleState] Required field 'soc' out of range [0, 100] (got 150)
[VehicleState] Optional field 'engineCoolantTemp' out of range [-50.0, 200.0] (got -999.00)
[VehicleState] Optional field 'evBatteryLevel' out of range [0.0, 100.0] (got 150.00)
LVGL_EVENT seq=656 speed=255 status=1
[VehicleState] Required field 'speedKph' out of range [0, 200] (got 255)
[VehicleState] Required field 'rpm' out of range [0, 8000] (got 9999)
[VehicleState] Required field 'soc' out of range [0, 100] (got 150)
[VehicleState] Optional field 'engineCoolantTemp' out of range [-50.0, 200.0] (got -999.00)
[VehicleState] Optional field 'evBatteryLevel' out of range [0.0, 100.0] (got 150.00)
LVGL_EVENT seq=657 speed=255 status=1
[VehicleState] Required field 'speedKph' out of range [0, 200] (got 255)
[VehicleState] Required field 'rpm' out of range [0, 8000] (got 9999)
[VehicleState] Required field 'soc' out of range [0, 100] (got 150)
[VehicleState] Optional field 'engineCoolantTemp' out of range [-50.0, 200.0] (got -999.00)
[VehicleState] Optional field 'evBatteryLevel' out of range [0.0, 100.0] (got 150.00)
LVGL_EVENT seq=658 speed=255 status=1
[VehicleState] Required field 'speedKph' out of range [0, 200] (got 255)
[VehicleState] Required field 'rpm' out of range [0, 8000] (got 9999)
[VehicleState] Required field 'soc' out of range [0, 100] (got 150)
[VehicleState] Optional field 'engineCoolantTemp' out of range [-50.0, 200.0] (got -999.00)
[VehicleState] Optional field 'evBatteryLevel' out of range [0.0, 100.0] (got 150.00)
LVGL_EVENT seq=659 speed=255 status=1
[VehicleState] Required field 'speedKph' out of range [0, 200] (got 255)
[VehicleState] Required field 'rpm' out of range [0, 8000] (got 9999)
[VehicleState] Required field 'soc' out of range [0, 100] (got 150)
[VehicleState] Optional field 'engineCoolantTemp' out of range [-50.0, 200.0] (got -999.00)
[VehicleState] Optional field 'evBatteryLevel' out of range [0.0, 100.0] (got 150.00)
LVGL_EVENT seq=660 speed=255 status=1
[VehicleState] Required field 'speedKph' out of range [0, 200] (got 255)
[VehicleState] Required field 'rpm' out of range [0, 8000] (got 9999)
[VehicleState] Required field 'soc' out of range [0, 100] (got 150)
[VehicleState] Optional field 'engineCoolantTemp' out of range [-50.0, 200.0] (got -999.00)
[VehicleState] Optional field 'evBatteryLevel' out of range [0.0, 100.0] (got 150.00)
LVGL_EVENT seq=661 speed=255 status=1
[VehicleState] Required field 'speedKph' out of range [0, 200] (got 255)
[VehicleState] Required field 'rpm' out of range [0, 8000] (got 9999)
[VehicleState] Required field 'soc' out of range [0, 100] (got 150)
[VehicleState] Optional field 'engineCoolantTemp' out of range [-50.0, 200.0] (got -999.00)
[VehicleState] Optional field 'evBatteryLevel' out of range [0.0, 100.0] (got 150.00)
LVGL_EVENT seq=662 speed=255 status=1
[VehicleState] Required field 'speedKph' out of range [0, 200] (got 255)
[VehicleState] Required field 'rpm' out of range [0, 8000] (got 9999)
[VehicleState] Required field 'soc' out of range [0, 100] (got 150)
[VehicleState] Optional field 'engineCoolantTemp' out of range [-50.0, 200.0] (got -999.00)
[VehicleState] Optional field 'evBatteryLevel' out of range [0.0, 100.0] (got 150.00)
LVGL_EVENT seq=663 speed=255 status=1
[VehicleState] Required field 'speedKph' out of range [0, 200] (got 255)
[VehicleState] Required field 'rpm' out of range [0, 8000] (got 9999)
[VehicleState] Required field 'soc' out of range [0, 100] (got 150)
[VehicleState] Optional field 'engineCoolantTemp' out of range [-50.0, 200.0] (got -999.00)
[VehicleState] Optional field 'evBatteryLevel' out of range [0.0, 100.0] (got 150.00)
LVGL_EVENT seq=664 speed=255 status=1
[VehicleState] Required field 'speedKph' out of range [0, 200] (got 255)
[VehicleState] Required field 'rpm' out of range [0, 8000] (got 9999)
[VehicleState] Required field 'soc' out of range [0, 100] (got 150)
[VehicleState] Optional field 'engineCoolantTemp' out of range [-50.0, 200.0] (got -999.00)
[VehicleState] Optional field 'evBatteryLevel' out of range [0.0, 100.0] (got 150.00)
LVGL_EVENT seq=665 speed=255 status=1
[VehicleState] Required field 'speedKph' out of range [0, 200] (got 255)
[VehicleState] Required field 'rpm' out of range [0, 8000] (got 9999)
[VehicleState] Required field 'soc' out of range [0, 100] (got 150)
[VehicleState] Optional field 'engineCoolantTemp' out of range [-50.0, 200.0] (got -999.00)
[VehicleState] Optional field 'evBatteryLevel' out of range [0.0, 100.0] (got 150.00)
LVGL_EVENT seq=666 speed=255 status=1
[VehicleState] Required field 'speedKph' out of range [0, 200] (got 255)
[VehicleState] Required field 'rpm' out of range [0, 8000] (got 9999)
[VehicleState] Required field 'soc' out of range [0, 100] (got 150)
[VehicleState] Optional field 'engineCoolantTemp' out of range [-50.0, 200.0] (got -999.00)
[VehicleState] Optional field 'evBatteryLevel' out of range [0.0, 100.0] (got 150.00)
LVGL_EVENT seq=667 speed=255 status=1
[VehicleState] Required field 'speedKph' out of range [0, 200] (got 255)
[VehicleState] Required field 'rpm' out of range [0, 8000] (got 9999)
[VehicleState] Required field 'soc' out of range [0, 100] (got 150)
[VehicleState] Optional field 'engineCoolantTemp' out of range [-50.0, 200.0] (got -999.00)
[VehicleState] Optional field 'evBatteryLevel' out of range [0.0, 100.0] (got 150.00)
LVGL_EVENT seq=668 speed=255 status=1
[VehicleState] Required field 'speedKph' out of range [0, 200] (got 255)
[VehicleState] Required field 'rpm' out of range [0, 8000] (got 9999)
[VehicleState] Required field 'soc' out of range [0, 100] (got 150)
[VehicleState] Optional field 'engineCoolantTemp' out of range [-50.0, 200.0] (got -999.00)
[VehicleState] Optional field 'evBatteryLevel' out of range [0.0, 100.0] (got 150.00)
LVGL_EVENT seq=669 speed=255 status=1
[VehicleState] Required field 'speedKph' out of range [0, 200] (got 255)
[VehicleState] Required field 'rpm' out of range [0, 8000] (got 9999)
[VehicleState] Required field 'soc' out of range [0, 100] (got 150)
[VehicleState] Optional field 'engineCoolantTemp' out of range [-50.0, 200.0] (got -999.00)
[VehicleState] Optional field 'evBatteryLevel' out of range [0.0, 100.0] (got 150.00)
LVGL_EVENT seq=670 speed=255 status=1
[VehicleState] Required field 'speedKph' out of range [0, 200] (got 255)
[VehicleState] Required field 'rpm' out of range [0, 8000] (got 9999)
[VehicleState] Required field 'soc' out of range [0, 100] (got 150)
[VehicleState] Optional field 'engineCoolantTemp' out of range [-50.0, 200.0] (got -999.00)
[VehicleState] Optional field 'evBatteryLevel' out of range [0.0, 100.0] (got 150.00)
LVGL_EVENT seq=671 speed=255 status=1
[VehicleState] Required field 'speedKph' out of range [0, 200] (got 255)
[VehicleState] Required field 'rpm' out of range [0, 8000] (got 9999)
[VehicleState] Required field 'soc' out of range [0, 100] (got 150)
[VehicleState] Optional field 'engineCoolantTemp' out of range [-50.0, 200.0] (got -999.00)
[VehicleState] Optional field 'evBatteryLevel' out of range [0.0, 100.0] (got 150.00)
LVGL_EVENT seq=672 speed=255 status=1
[VehicleState] Required field 'speedKph' out of range [0, 200] (got 255)
[VehicleState] Required field 'rpm' out of range [0, 8000] (got 9999)
[VehicleState] Required field 'soc' out of range [0, 100] (got 150)
[VehicleState] Optional field 'engineCoolantTemp' out of range [-50.0, 200.0] (got -999.00)
[VehicleState] Optional field 'evBatteryLevel' out of range [0.0, 100.0] (got 150.00)
LVGL_EVENT seq=673 speed=255 status=1
[VehicleState] Required field 'speedKph' out of range [0, 200] (got 255)
[VehicleState] Required field 'rpm' out of range [0, 8000] (got 9999)
[VehicleState] Required field 'soc' out of range [0, 100] (got 150)
[VehicleState] Optional field 'engineCoolantTemp' out of range [-50.0, 200.0] (got -999.00)
[VehicleState] Optional field 'evBatteryLevel' out of range [0.0, 100.0] (got 150.00)
LVGL_EVENT seq=674 speed=255 status=1
[VehicleState] Required field 'speedKph' out of range [0, 200] (got 255)
[VehicleState] Required field 'rpm' out of range [0, 8000] (got 9999)
[VehicleState] Required field 'soc' out of range [0, 100] (got 150)
[VehicleState] Optional field 'engineCoolantTemp' out of range [-50.0, 200.0] (got -999.00)
[VehicleState] Optional field 'evBatteryLevel' out of range [0.0, 100.0] (got 150.00)
LVGL_EVENT seq=675 speed=255 status=1
[VehicleState] Required field 'speedKph' out of range [0, 200] (got 255)
[VehicleState] Required field 'rpm' out of range [0, 8000] (got 9999)
[VehicleState] Required field 'soc' out of range [0, 100] (got 150)
[VehicleState] Optional field 'engineCoolantTemp' out of range [-50.0, 200.0] (got -999.00)
[VehicleState] Optional field 'evBatteryLevel' out of range [0.0, 100.0] (got 150.00)
LVGL_EVENT seq=676 speed=255 status=1
[VehicleState] Required field 'speedKph' out of range [0, 200] (got 255)
[VehicleState] Required field 'rpm' out of range [0, 8000] (got 9999)
[VehicleState] Required field 'soc' out of range [0, 100] (got 150)
[VehicleState] Optional field 'engineCoolantTemp' out of range [-50.0, 200.0] (got -999.00)
[VehicleState] Optional field 'evBatteryLevel' out of range [0.0, 100.0] (got 150.00)
LVGL_EVENT seq=677 speed=255 status=1
[VehicleState] Required field 'speedKph' out of range [0, 200] (got 255)
[VehicleState] Required field 'rpm' out of range [0, 8000] (got 9999)
[VehicleState] Required field 'soc' out of range [0, 100] (got 150)
[VehicleState] Optional field 'engineCoolantTemp' out of range [-50.0, 200.0] (got -999.00)
[VehicleState] Optional field 'evBatteryLevel' out of range [0.0, 100.0] (got 150.00)
LVGL_EVENT seq=678 speed=255 status=1
[VehicleState] Required field 'speedKph' out of range [0, 200] (got 255)
[VehicleState] Required field 'rpm' out of range [0, 8000] (got 9999)
[VehicleState] Required field 'soc' out of range [0, 100] (got 150)
[VehicleState] Optional field 'engineCoolantTemp' out of range [-50.0, 200.0] (got -999.00)
[VehicleState] Optional field 'evBatteryLevel' out of range [0.0, 100.0] (got 150.00)
LVGL_EVENT seq=679 speed=255 status=1
[VehicleState] Required field 'speedKph' out of range [0, 200] (got 255)
[VehicleState] Required field 'rpm' out of range [0, 8000] (got 9999)
[VehicleState] Required field 'soc' out of range [0, 100] (got 150)
[VehicleState] Optional field 'engineCoolantTemp' out of range [-50.0, 200.0] (got -999.00)
[VehicleState] Optional field 'evBatteryLevel' out of range [0.0, 100.0] (got 150.00)
LVGL_EVENT seq=680 speed=255 status=1
[VehicleState] Required field 'speedKph' out of range [0, 200] (got 255)
[VehicleState] Required field 'rpm' out of range [0, 8000] (got 9999)
[VehicleState] Required field 'soc' out of range [0, 100] (got 150)
[VehicleState] Optional field 'engineCoolantTemp' out of range [-50.0, 200.0] (got -999.00)
[VehicleState] Optional field 'evBatteryLevel' out of range [0.0, 100.0] (got 150.00)
LVGL_EVENT seq=681 speed=255 status=1
[VehicleState] Required field 'speedKph' out of range [0, 200] (got 255)
[VehicleState] Required field 'rpm' out of range [0, 8000] (got 9999)
[VehicleState] Required field 'soc' out of range [0, 100] (got 150)
[VehicleState] Optional field 'engineCoolantTemp' out of range [-50.0, 200.0] (got -999.00)
[VehicleState] Optional field 'evBatteryLevel' out of range [0.0, 100.0] (got 150.00)
LVGL_EVENT seq=682 speed=255 status=1
[VehicleState] Required field 'speedKph' out of range [0, 200] (got 255)
[VehicleState] Required field 'rpm' out of range [0, 8000] (got 9999)
[VehicleState] Required field 'soc' out of range [0, 100] (got 150)
[VehicleState] Optional field 'engineCoolantTemp' out of range [-50.0, 200.0] (got -999.00)
[VehicleState] Optional field 'evBatteryLevel' out of range [0.0, 100.0] (got 150.00)
LVGL_EVENT seq=683 speed=255 status=1
[VehicleState] Required field 'speedKph' out of range [0, 200] (got 255)
[VehicleState] Required field 'rpm' out of range [0, 8000] (got 9999)
[VehicleState] Required field 'soc' out of range [0, 100] (got 150)
[VehicleState] Optional field 'engineCoolantTemp' out of range [-50.0, 200.0] (got -999.00)
[VehicleState] Optional field 'evBatteryLevel' out of range [0.0, 100.0] (got 150.00)
LVGL_EVENT seq=684 speed=255 status=1
[VehicleState] Required field 'speedKph' out of range [0, 200] (got 255)
[VehicleState] Required field 'rpm' out of range [0, 8000] (got 9999)
[VehicleState] Required field 'soc' out of range [0, 100] (got 150)
[VehicleState] Optional field 'engineCoolantTemp' out of range [-50.0, 200.0] (got -999.00)
[VehicleState] Optional field 'evBatteryLevel' out of range [0.0, 100.0] (got 150.00)
LVGL_EVENT seq=685 speed=255 status=1
[VehicleState] Required field 'speedKph' out of range [0, 200] (got 255)
[VehicleState] Required field 'rpm' out of range [0, 8000] (got 9999)
[VehicleState] Required field 'soc' out of range [0, 100] (got 150)
[VehicleState] Optional field 'engineCoolantTemp' out of range [-50.0, 200.0] (got -999.00)
[VehicleState] Optional field 'evBatteryLevel' out of range [0.0, 100.0] (got 150.00)
LVGL_EVENT seq=686 speed=255 status=1
[VehicleState] Required field 'speedKph' out of range [0, 200] (got 255)
[VehicleState] Required field 'rpm' out of range [0, 8000] (got 9999)
[VehicleState] Required field 'soc' out of range [0, 100] (got 150)
[VehicleState] Optional field 'engineCoolantTemp' out of range [-50.0, 200.0] (got -999.00)
[VehicleState] Optional field 'evBatteryLevel' out of range [0.0, 100.0] (got 150.00)
LVGL_EVENT seq=687 speed=255 status=1
[VehicleState] Required field 'speedKph' out of range [0, 200] (got 255)
[VehicleState] Required field 'rpm' out of range [0, 8000] (got 9999)
[VehicleState] Required field 'soc' out of range [0, 100] (got 150)
[VehicleState] Optional field 'engineCoolantTemp' out of range [-50.0, 200.0] (got -999.00)
[VehicleState] Optional field 'evBatteryLevel' out of range [0.0, 100.0] (got 150.00)
LVGL_EVENT seq=688 speed=255 status=1
[VehicleState] Required field 'speedKph' out of range [0, 200] (got 255)
[VehicleState] Required field 'rpm' out of range [0, 8000] (got 9999)
[VehicleState] Required field 'soc' out of range [0, 100] (got 150)
[VehicleState] Optional field 'engineCoolantTemp' out of range [-50.0, 200.0] (got -999.00)
[VehicleState] Optional field 'evBatteryLevel' out of range [0.0, 100.0] (got 150.00)
LVGL_EVENT seq=689 speed=255 status=1
[VehicleState] Required field 'speedKph' out of range [0, 200] (got 255)
[VehicleState] Required field 'rpm' out of range [0, 8000] (got 9999)
[VehicleState] Required field 'soc' out of range [0, 100] (got 150)
[VehicleState] Optional field 'engineCoolantTemp' out of range [-50.0, 200.0] (got -999.00)
[VehicleState] Optional field 'evBatteryLevel' out of range [0.0, 100.0] (got 150.00)
LVGL_EVENT seq=690 speed=255 status=1
[VehicleState] Required field 'speedKph' out of range [0, 200] (got 255)
[VehicleState] Required field 'rpm' out of range [0, 8000] (got 9999)
[VehicleState] Required field 'soc' out of range [0, 100] (got 150)
[VehicleState] Optional field 'engineCoolantTemp' out of range [-50.0, 200.0] (got -999.00)
[VehicleState] Optional field 'evBatteryLevel' out of range [0.0, 100.0] (got 150.00)
LVGL_EVENT seq=691 speed=255 status=1
[VehicleState] Required field 'speedKph' out of range [0, 200] (got 255)
[VehicleState] Required field 'rpm' out of range [0, 8000] (got 9999)
[VehicleState] Required field 'soc' out of range [0, 100] (got 150)
[VehicleState] Optional field 'engineCoolantTemp' out of range [-50.0, 200.0] (got -999.00)
[VehicleState] Optional field 'evBatteryLevel' out of range [0.0, 100.0] (got 150.00)
LVGL_EVENT seq=692 speed=255 status=1
[VehicleState] Required field 'speedKph' out of range [0, 200] (got 255)
[VehicleState] Required field 'rpm' out of range [0, 8000] (got 9999)
[VehicleState] Required field 'soc' out of range [0, 100] (got 150)
[VehicleState] Optional field 'engineCoolantTemp' out of range [-50.0, 200.0] (got -999.00)
[VehicleState] Optional field 'evBatteryLevel' out of range [0.0, 100.0] (got 150.00)
LVGL_EVENT seq=693 speed=255 status=1
[VehicleState] Required field 'speedKph' out of range [0, 200] (got 255)
[VehicleState] Required field 'rpm' out of range [0, 8000] (got 9999)
[VehicleState] Required field 'soc' out of range [0, 100] (got 150)
[VehicleState] Optional field 'engineCoolantTemp' out of range [-50.0, 200.0] (got -999.00)
[VehicleState] Optional field 'evBatteryLevel' out of range [0.0, 100.0] (got 150.00)
LVGL_EVENT seq=694 speed=255 status=1
[VehicleState] Required field 'speedKph' out of range [0, 200] (got 255)
[VehicleState] Required field 'rpm' out of range [0, 8000] (got 9999)
[VehicleState] Required field 'soc' out of range [0, 100] (got 150)
[VehicleState] Optional field 'engineCoolantTemp' out of range [-50.0, 200.0] (got -999.00)
[VehicleState] Optional field 'evBatteryLevel' out of range [0.0, 100.0] (got 150.00)
LVGL_EVENT seq=695 speed=255 status=1
[VehicleState] Required field 'speedKph' out of range [0, 200] (got 255)
[VehicleState] Required field 'rpm' out of range [0, 8000] (got 9999)
[VehicleState] Required field 'soc' out of range [0, 100] (got 150)
[VehicleState] Optional field 'engineCoolantTemp' out of range [-50.0, 200.0] (got -999.00)
[VehicleState] Optional field 'evBatteryLevel' out of range [0.0, 100.0] (got 150.00)
LVGL_EVENT seq=696 speed=255 status=1
[VehicleState] Required field 'speedKph' out of range [0, 200] (got 255)
[VehicleState] Required field 'rpm' out of range [0, 8000] (got 9999)
[VehicleState] Required field 'soc' out of range [0, 100] (got 150)
[VehicleState] Optional field 'engineCoolantTemp' out of range [-50.0, 200.0] (got -999.00)
[VehicleState] Optional field 'evBatteryLevel' out of range [0.0, 100.0] (got 150.00)
LVGL_EVENT seq=697 speed=255 status=1
[VehicleState] Required field 'speedKph' out of range [0, 200] (got 255)
[VehicleState] Required field 'rpm' out of range [0, 8000] (got 9999)
[VehicleState] Required field 'soc' out of range [0, 100] (got 150)
[VehicleState] Optional field 'engineCoolantTemp' out of range [-50.0, 200.0] (got -999.00)
[VehicleState] Optional field 'evBatteryLevel' out of range [0.0, 100.0] (got 150.00)
LVGL_EVENT seq=698 speed=255 status=1
[VehicleState] Required field 'speedKph' out of range [0, 200] (got 255)
[VehicleState] Required field 'rpm' out of range [0, 8000] (got 9999)
[VehicleState] Required field 'soc' out of range [0, 100] (got 150)
[VehicleState] Optional field 'engineCoolantTemp' out of range [-50.0, 200.0] (got -999.00)
[VehicleState] Optional field 'evBatteryLevel' out of range [0.0, 100.0] (got 150.00)
LVGL_EVENT seq=699 speed=255 status=1
[VehicleData] Watchdog: TCP receive timeout (> 3000 ms), vehicle state offline
[VehicleData] Warning: Sequence gap detected: missed 300 packets (expected 700, got 1000)
[VehicleData] Stream active, vehicle online (seq=1000)
LVGL_EVENT seq=1000 speed=0 status=0
LVGL_EVENT seq=1001 speed=2 status=0
LVGL_EVENT seq=1002 speed=4 status=0
LVGL_EVENT seq=1003 speed=6 status=0
LVGL_EVENT seq=1004 speed=8 status=0
LVGL_EVENT seq=1005 speed=10 status=0
LVGL_EVENT seq=1006 speed=12 status=0
LVGL_EVENT seq=1007 speed=14 status=0
LVGL_EVENT seq=1008 speed=16 status=0
LVGL_EVENT seq=1009 speed=18 status=0
LVGL_EVENT seq=1010 speed=20 status=0
LVGL_EVENT seq=1011 speed=22 status=0
LVGL_EVENT seq=1012 speed=24 status=0
LVGL_EVENT seq=1013 speed=26 status=0
LVGL_EVENT seq=1014 speed=28 status=0
LVGL_EVENT seq=1015 speed=30 status=0
LVGL_EVENT seq=1016 speed=32 status=0
LVGL_EVENT seq=1017 speed=34 status=0
LVGL_EVENT seq=1018 speed=36 status=0
LVGL_EVENT seq=1019 speed=38 status=0
LVGL_EVENT seq=1020 speed=40 status=0
LVGL_EVENT seq=1021 speed=42 status=0
LVGL_EVENT seq=1022 speed=44 status=0
LVGL_EVENT seq=1023 speed=46 status=0
LVGL_EVENT seq=1024 speed=48 status=0
LVGL_EVENT seq=1025 speed=50 status=0
LVGL_EVENT seq=1026 speed=52 status=0
LVGL_EVENT seq=1027 speed=54 status=0
LVGL_EVENT seq=1028 speed=56 status=0
LVGL_EVENT seq=1029 speed=58 status=0
LVGL_EVENT seq=1030 speed=60 status=0
LVGL_EVENT seq=1031 speed=62 status=0
LVGL_EVENT seq=1032 speed=64 status=0
LVGL_EVENT seq=1033 speed=66 status=0
LVGL_EVENT seq=1034 speed=68 status=0
LVGL_EVENT seq=1035 speed=70 status=0
LVGL_EVENT seq=1036 speed=72 status=0
LVGL_EVENT seq=1037 speed=74 status=0
LVGL_EVENT seq=1038 speed=76 status=0
LVGL_EVENT seq=1039 speed=78 status=0
LVGL_EVENT seq=1040 speed=80 status=0
LVGL_EVENT seq=1041 speed=82 status=0
LVGL_EVENT seq=1042 speed=84 status=0
LVGL_EVENT seq=1043 speed=86 status=0
LVGL_EVENT seq=1044 speed=88 status=0
LVGL_EVENT seq=1045 speed=90 status=0
LVGL_EVENT seq=1046 speed=92 status=0
LVGL_EVENT seq=1047 speed=94 status=0
LVGL_EVENT seq=1048 speed=96 status=0
LVGL_EVENT seq=1049 speed=98 status=0
LVGL_EVENT seq=1050 speed=100 status=0
LVGL_EVENT seq=1051 speed=98 status=0
LVGL_EVENT seq=1052 speed=96 status=0
LVGL_EVENT seq=1053 speed=94 status=0
LVGL_EVENT seq=1054 speed=92 status=0
LVGL_EVENT seq=1055 speed=90 status=0
LVGL_EVENT seq=1056 speed=88 status=0
LVGL_EVENT seq=1057 speed=86 status=0
LVGL_EVENT seq=1058 speed=84 status=0
LVGL_EVENT seq=1059 speed=82 status=0
LVGL_EVENT seq=1060 speed=80 status=0
LVGL_EVENT seq=1061 speed=78 status=0
LVGL_EVENT seq=1062 speed=76 status=0
LVGL_EVENT seq=1063 speed=74 status=0
LVGL_EVENT seq=1064 speed=72 status=0
LVGL_EVENT seq=1065 speed=70 status=0
LVGL_EVENT seq=1066 speed=68 status=0
LVGL_EVENT seq=1067 speed=66 status=0
LVGL_EVENT seq=1068 speed=64 status=0
LVGL_EVENT seq=1069 speed=62 status=0
LVGL_EVENT seq=1070 speed=60 status=0
LVGL_EVENT seq=1071 speed=58 status=0
LVGL_EVENT seq=1072 speed=56 status=0
LVGL_EVENT seq=1073 speed=54 status=0
LVGL_EVENT seq=1074 speed=52 status=0
LVGL_EVENT seq=1075 speed=50 status=0
LVGL_EVENT seq=1076 speed=48 status=0
LVGL_EVENT seq=1077 speed=46 status=0
LVGL_EVENT seq=1078 speed=44 status=0
LVGL_EVENT seq=1079 speed=42 status=0
LVGL_EVENT seq=1080 speed=40 status=0
LVGL_EVENT seq=1081 speed=38 status=0
LVGL_EVENT seq=1082 speed=36 status=0
LVGL_EVENT seq=1083 speed=34 status=0
LVGL_EVENT seq=1084 speed=32 status=0
LVGL_EVENT seq=1085 speed=30 status=0
LVGL_EVENT seq=1086 speed=28 status=0
LVGL_EVENT seq=1087 speed=26 status=0
LVGL_EVENT seq=1088 speed=24 status=0
LVGL_EVENT seq=1089 speed=22 status=0
LVGL_EVENT seq=1090 speed=20 status=0
LVGL_EVENT seq=1091 speed=18 status=0
LVGL_EVENT seq=1092 speed=16 status=0
LVGL_EVENT seq=1093 speed=14 status=0
LVGL_EVENT seq=1094 speed=12 status=0
LVGL_EVENT seq=1095 speed=10 status=0
LVGL_EVENT seq=1096 speed=8 status=0
LVGL_EVENT seq=1097 speed=6 status=0
LVGL_EVENT seq=1098 speed=4 status=0
LVGL_EVENT seq=1099 speed=2 status=0
LVGL_EVENT seq=1100 speed=0 status=0
LVGL_EVENT seq=1101 speed=2 status=0
LVGL_EVENT seq=1102 speed=4 status=0
LVGL_EVENT seq=1103 speed=6 status=0
LVGL_EVENT seq=1104 speed=8 status=0
LVGL_EVENT seq=1105 speed=10 status=0
LVGL_EVENT seq=1106 speed=12 status=0
LVGL_EVENT seq=1107 speed=14 status=0
LVGL_EVENT seq=1108 speed=16 status=0
LVGL_EVENT seq=1109 speed=18 status=0
LVGL_EVENT seq=1110 speed=20 status=0
LVGL_EVENT seq=1111 speed=22 status=0
LVGL_EVENT seq=1112 speed=24 status=0
LVGL_EVENT seq=1113 speed=26 status=0
LVGL_EVENT seq=1114 speed=28 status=0
LVGL_EVENT seq=1115 speed=30 status=0
LVGL_EVENT seq=1116 speed=32 status=0
LVGL_EVENT seq=1117 speed=34 status=0
LVGL_EVENT seq=1118 speed=36 status=0
LVGL_EVENT seq=1119 speed=38 status=0
LVGL_EVENT seq=1120 speed=40 status=0
LVGL_EVENT seq=1121 speed=42 status=0
LVGL_EVENT seq=1122 speed=44 status=0
LVGL_EVENT seq=1123 speed=46 status=0
LVGL_EVENT seq=1124 speed=48 status=0
LVGL_EVENT seq=1125 speed=50 status=0
LVGL_EVENT seq=1126 speed=52 status=0
LVGL_EVENT seq=1127 speed=54 status=0
LVGL_EVENT seq=1128 speed=56 status=0
LVGL_EVENT seq=1129 speed=58 status=0
LVGL_EVENT seq=1130 speed=60 status=0
LVGL_EVENT seq=1131 speed=62 status=0
LVGL_EVENT seq=1132 speed=64 status=0
LVGL_EVENT seq=1133 speed=66 status=0
LVGL_EVENT seq=1134 speed=68 status=0
LVGL_EVENT seq=1135 speed=70 status=0
LVGL_EVENT seq=1136 speed=72 status=0
LVGL_EVENT seq=1137 speed=74 status=0
LVGL_EVENT seq=1138 speed=76 status=0
LVGL_EVENT seq=1139 speed=78 status=0
LVGL_EVENT seq=1140 speed=80 status=0
LVGL_EVENT seq=1141 speed=82 status=0
LVGL_EVENT seq=1142 speed=84 status=0
LVGL_EVENT seq=1143 speed=86 status=0
LVGL_EVENT seq=1144 speed=88 status=0
LVGL_EVENT seq=1145 speed=90 status=0
LVGL_EVENT seq=1146 speed=92 status=0
LVGL_EVENT seq=1147 speed=94 status=0
LVGL_EVENT seq=1148 speed=96 status=0
LVGL_EVENT seq=1149 speed=98 status=0
LVGL_EVENT seq=1150 speed=100 status=0
LVGL_EVENT seq=1151 speed=98 status=0
LVGL_EVENT seq=1152 speed=96 status=0
LVGL_EVENT seq=1153 speed=94 status=0
LVGL_EVENT seq=1154 speed=92 status=0
LVGL_EVENT seq=1155 speed=90 status=0
LVGL_EVENT seq=1156 speed=88 status=0
LVGL_EVENT seq=1157 speed=86 status=0
LVGL_EVENT seq=1158 speed=84 status=0
LVGL_EVENT seq=1159 speed=82 status=0
LVGL_EVENT seq=1160 speed=80 status=0
LVGL_EVENT seq=1161 speed=78 status=0
LVGL_EVENT seq=1162 speed=76 status=0
LVGL_EVENT seq=1163 speed=74 status=0
LVGL_EVENT seq=1164 speed=72 status=0
LVGL_EVENT seq=1165 speed=70 status=0
LVGL_EVENT seq=1166 speed=68 status=0
LVGL_EVENT seq=1167 speed=66 status=0
LVGL_EVENT seq=1168 speed=64 status=0
LVGL_EVENT seq=1169 speed=62 status=0
LVGL_EVENT seq=1170 speed=60 status=0
LVGL_EVENT seq=1171 speed=58 status=0
LVGL_EVENT seq=1172 speed=56 status=0
LVGL_EVENT seq=1173 speed=54 status=0
LVGL_EVENT seq=1174 speed=52 status=0
LVGL_EVENT seq=1175 speed=50 status=0
LVGL_EVENT seq=1176 speed=48 status=0
LVGL_EVENT seq=1177 speed=46 status=0
LVGL_EVENT seq=1178 speed=44 status=0
LVGL_EVENT seq=1179 speed=42 status=0
LVGL_EVENT seq=1180 speed=40 status=0
LVGL_EVENT seq=1181 speed=38 status=0
LVGL_EVENT seq=1182 speed=36 status=0
LVGL_EVENT seq=1183 speed=34 status=0
LVGL_EVENT seq=1184 speed=32 status=0
LVGL_EVENT seq=1185 speed=30 status=0
LVGL_EVENT seq=1186 speed=28 status=0
LVGL_EVENT seq=1187 speed=26 status=0
LVGL_EVENT seq=1188 speed=24 status=0
LVGL_EVENT seq=1189 speed=22 status=0
LVGL_EVENT seq=1190 speed=20 status=0
LVGL_EVENT seq=1191 speed=18 status=0
LVGL_EVENT seq=1192 speed=16 status=0
LVGL_EVENT seq=1193 speed=14 status=0
LVGL_EVENT seq=1194 speed=12 status=0
LVGL_EVENT seq=1195 speed=10 status=0
LVGL_EVENT seq=1196 speed=8 status=0
LVGL_EVENT seq=1197 speed=6 status=0
LVGL_EVENT seq=1198 speed=4 status=0
LVGL_EVENT seq=1199 speed=2 status=0
LVGL_EVENT seq=1200 speed=0 status=0
LVGL_EVENT seq=1201 speed=2 status=0
LVGL_EVENT seq=1202 speed=4 status=0
LVGL_EVENT seq=1203 speed=6 status=0
LVGL_EVENT seq=1204 speed=8 status=0
LVGL_EVENT seq=1205 speed=10 status=0
LVGL_EVENT seq=1206 speed=12 status=0
LVGL_EVENT seq=1207 speed=14 status=0
LVGL_EVENT seq=1208 speed=16 status=0
LVGL_EVENT seq=1209 speed=18 status=0
LVGL_EVENT seq=1210 speed=20 status=0
LVGL_EVENT seq=1211 speed=22 status=0
LVGL_EVENT seq=1212 speed=24 status=0
LVGL_EVENT seq=1213 speed=26 status=0
LVGL_EVENT seq=1214 speed=28 status=0
LVGL_EVENT seq=1215 speed=30 status=0
LVGL_EVENT seq=1216 speed=32 status=0
LVGL_EVENT seq=1217 speed=34 status=0
LVGL_EVENT seq=1218 speed=36 status=0
LVGL_EVENT seq=1219 speed=38 status=0
LVGL_EVENT seq=1220 speed=40 status=0
LVGL_EVENT seq=1221 speed=42 status=0
LVGL_EVENT seq=1222 speed=44 status=0
LVGL_EVENT seq=1223 speed=46 status=0
LVGL_EVENT seq=1224 speed=48 status=0
LVGL_EVENT seq=1225 speed=50 status=0
LVGL_EVENT seq=1226 speed=52 status=0
LVGL_EVENT seq=1227 speed=54 status=0
LVGL_EVENT seq=1228 speed=56 status=0
LVGL_EVENT seq=1229 speed=58 status=0
LVGL_EVENT seq=1230 speed=60 status=0
LVGL_EVENT seq=1231 speed=62 status=0
LVGL_EVENT seq=1232 speed=64 status=0
LVGL_EVENT seq=1233 speed=66 status=0
LVGL_EVENT seq=1234 speed=68 status=0
LVGL_EVENT seq=1235 speed=70 status=0
LVGL_EVENT seq=1236 speed=72 status=0
LVGL_EVENT seq=1237 speed=74 status=0
LVGL_EVENT seq=1238 speed=76 status=0
LVGL_EVENT seq=1239 speed=78 status=0
LVGL_EVENT seq=1240 speed=80 status=0
LVGL_EVENT seq=1241 speed=82 status=0
LVGL_EVENT seq=1242 speed=84 status=0
LVGL_EVENT seq=1243 speed=86 status=0
LVGL_EVENT seq=1244 speed=88 status=0
LVGL_EVENT seq=1245 speed=90 status=0
LVGL_EVENT seq=1246 speed=92 status=0
LVGL_EVENT seq=1247 speed=94 status=0
LVGL_EVENT seq=1248 speed=96 status=0
LVGL_EVENT seq=1249 speed=98 status=0
LVGL_EVENT seq=1250 speed=100 status=0
LVGL_EVENT seq=1251 speed=98 status=0
LVGL_EVENT seq=1252 speed=96 status=0
LVGL_EVENT seq=1253 speed=94 status=0
LVGL_EVENT seq=1254 speed=92 status=0
LVGL_EVENT seq=1255 speed=90 status=0
LVGL_EVENT seq=1256 speed=88 status=0
LVGL_EVENT seq=1257 speed=86 status=0
LVGL_EVENT seq=1258 speed=84 status=0
LVGL_EVENT seq=1259 speed=82 status=0
LVGL_EVENT seq=1260 speed=80 status=0
LVGL_EVENT seq=1261 speed=78 status=0
LVGL_EVENT seq=1262 speed=76 status=0
LVGL_EVENT seq=1263 speed=74 status=0
LVGL_EVENT seq=1264 speed=72 status=0
LVGL_EVENT seq=1265 speed=70 status=0
LVGL_EVENT seq=1266 speed=68 status=0
LVGL_EVENT seq=1267 speed=66 status=0
LVGL_EVENT seq=1268 speed=64 status=0
LVGL_EVENT seq=1269 speed=62 status=0
LVGL_EVENT seq=1270 speed=60 status=0
LVGL_EVENT seq=1271 speed=58 status=0
LVGL_EVENT seq=1272 speed=56 status=0
LVGL_EVENT seq=1273 speed=54 status=0
LVGL_EVENT seq=1274 speed=52 status=0
LVGL_EVENT seq=1275 speed=50 status=0
LVGL_EVENT seq=1276 speed=48 status=0
LVGL_EVENT seq=1277 speed=46 status=0
LVGL_EVENT seq=1278 speed=44 status=0
LVGL_EVENT seq=1279 speed=42 status=0
LVGL_EVENT seq=1280 speed=40 status=0
LVGL_EVENT seq=1281 speed=38 status=0
LVGL_EVENT seq=1282 speed=36 status=0
LVGL_EVENT seq=1283 speed=34 status=0
LVGL_EVENT seq=1284 speed=32 status=0
LVGL_EVENT seq=1285 speed=30 status=0
LVGL_EVENT seq=1286 speed=28 status=0
LVGL_EVENT seq=1287 speed=26 status=0
LVGL_EVENT seq=1288 speed=24 status=0
LVGL_EVENT seq=1289 speed=22 status=0
LVGL_EVENT seq=1290 speed=20 status=0
LVGL_EVENT seq=1291 speed=18 status=0
LVGL_EVENT seq=1292 speed=16 status=0
LVGL_EVENT seq=1293 speed=14 status=0
LVGL_EVENT seq=1294 speed=12 status=0
LVGL_EVENT seq=1295 speed=10 status=0
LVGL_EVENT seq=1296 speed=8 status=0
LVGL_EVENT seq=1297 speed=6 status=0
LVGL_EVENT seq=1298 speed=4 status=0
LVGL_EVENT seq=1299 speed=2 status=0
LVGL_EVENT seq=1300 speed=0 status=0
LVGL_EVENT seq=1301 speed=2 status=0
LVGL_EVENT seq=1302 speed=4 status=0
LVGL_EVENT seq=1303 speed=6 status=0
LVGL_EVENT seq=1304 speed=8 status=0
LVGL_EVENT seq=1305 speed=10 status=0
LVGL_EVENT seq=1306 speed=12 status=0
LVGL_EVENT seq=1307 speed=14 status=0
LVGL_EVENT seq=1308 speed=16 status=0
LVGL_EVENT seq=1309 speed=18 status=0
LVGL_EVENT seq=1310 speed=20 status=0
LVGL_EVENT seq=1311 speed=22 status=0
LVGL_EVENT seq=1312 speed=24 status=0
LVGL_EVENT seq=1313 speed=26 status=0
LVGL_EVENT seq=1314 speed=28 status=0
LVGL_EVENT seq=1315 speed=30 status=0
LVGL_EVENT seq=1316 speed=32 status=0
LVGL_EVENT seq=1317 speed=34 status=0
LVGL_EVENT seq=1318 speed=36 status=0
LVGL_EVENT seq=1319 speed=38 status=0
LVGL_EVENT seq=1320 speed=40 status=0
LVGL_EVENT seq=1321 speed=42 status=0
LVGL_EVENT seq=1322 speed=44 status=0
LVGL_EVENT seq=1323 speed=46 status=0
LVGL_EVENT seq=1324 speed=48 status=0
LVGL_EVENT seq=1325 speed=50 status=0
LVGL_EVENT seq=1326 speed=52 status=0
LVGL_EVENT seq=1327 speed=54 status=0
LVGL_EVENT seq=1328 speed=56 status=0
LVGL_EVENT seq=1329 speed=58 status=0
LVGL_EVENT seq=1330 speed=60 status=0
LVGL_EVENT seq=1331 speed=62 status=0
LVGL_EVENT seq=1332 speed=64 status=0
LVGL_EVENT seq=1333 speed=66 status=0
LVGL_EVENT seq=1334 speed=68 status=0
LVGL_EVENT seq=1335 speed=70 status=0
LVGL_EVENT seq=1336 speed=72 status=0
LVGL_EVENT seq=1337 speed=74 status=0
LVGL_EVENT seq=1338 speed=76 status=0
LVGL_EVENT seq=1339 speed=78 status=0
LVGL_EVENT seq=1340 speed=80 status=0
LVGL_EVENT seq=1341 speed=82 status=0
LVGL_EVENT seq=1342 speed=84 status=0
LVGL_EVENT seq=1343 speed=86 status=0
LVGL_EVENT seq=1344 speed=88 status=0
LVGL_EVENT seq=1345 speed=90 status=0
LVGL_EVENT seq=1346 speed=92 status=0
LVGL_EVENT seq=1347 speed=94 status=0
LVGL_EVENT seq=1348 speed=96 status=0
LVGL_EVENT seq=1349 speed=98 status=0
LVGL_EVENT seq=1350 speed=100 status=0
LVGL_EVENT seq=1351 speed=98 status=0
LVGL_EVENT seq=1352 speed=96 status=0
LVGL_EVENT seq=1353 speed=94 status=0
LVGL_EVENT seq=1354 speed=92 status=0
LVGL_EVENT seq=1355 speed=90 status=0
LVGL_EVENT seq=1356 speed=88 status=0
LVGL_EVENT seq=1357 speed=86 status=0
LVGL_EVENT seq=1358 speed=84 status=0
LVGL_EVENT seq=1359 speed=82 status=0
LVGL_EVENT seq=1360 speed=80 status=0
LVGL_EVENT seq=1361 speed=78 status=0
LVGL_EVENT seq=1362 speed=76 status=0
LVGL_EVENT seq=1363 speed=74 status=0
LVGL_EVENT seq=1364 speed=72 status=0
LVGL_EVENT seq=1365 speed=70 status=0
LVGL_EVENT seq=1366 speed=68 status=0
LVGL_EVENT seq=1367 speed=66 status=0
LVGL_EVENT seq=1368 speed=64 status=0
LVGL_EVENT seq=1369 speed=62 status=0
LVGL_EVENT seq=1370 speed=60 status=0
LVGL_EVENT seq=1371 speed=58 status=0
LVGL_EVENT seq=1372 speed=56 status=0
LVGL_EVENT seq=1373 speed=54 status=0
LVGL_EVENT seq=1374 speed=52 status=0
LVGL_EVENT seq=1375 speed=50 status=0
LVGL_EVENT seq=1376 speed=48 status=0
LVGL_EVENT seq=1377 speed=46 status=0
LVGL_EVENT seq=1378 speed=44 status=0
LVGL_EVENT seq=1379 speed=42 status=0
LVGL_EVENT seq=1380 speed=40 status=0
LVGL_EVENT seq=1381 speed=38 status=0
LVGL_EVENT seq=1382 speed=36 status=0
LVGL_EVENT seq=1383 speed=34 status=0
LVGL_EVENT seq=1384 speed=32 status=0
LVGL_EVENT seq=1385 speed=30 status=0
LVGL_EVENT seq=1386 speed=28 status=0
LVGL_EVENT seq=1387 speed=26 status=0
LVGL_EVENT seq=1388 speed=24 status=0
LVGL_EVENT seq=1389 speed=22 status=0
LVGL_EVENT seq=1390 speed=20 status=0
LVGL_EVENT seq=1391 speed=18 status=0
LVGL_EVENT seq=1392 speed=16 status=0
LVGL_EVENT seq=1393 speed=14 status=0
LVGL_EVENT seq=1394 speed=12 status=0
LVGL_EVENT seq=1395 speed=10 status=0
LVGL_EVENT seq=1396 speed=8 status=0
LVGL_EVENT seq=1397 speed=6 status=0
LVGL_EVENT seq=1398 speed=4 status=0
LVGL_EVENT seq=1399 speed=2 status=0
LVGL_EVENT seq=1400 speed=0 status=0
LVGL_EVENT seq=1401 speed=2 status=0
LVGL_EVENT seq=1402 speed=4 status=0
LVGL_EVENT seq=1403 speed=6 status=0
LVGL_EVENT seq=1404 speed=8 status=0
LVGL_EVENT seq=1405 speed=10 status=0
LVGL_EVENT seq=1406 speed=12 status=0
LVGL_EVENT seq=1407 speed=14 status=0
LVGL_EVENT seq=1408 speed=16 status=0
LVGL_EVENT seq=1409 speed=18 status=0
LVGL_EVENT seq=1410 speed=20 status=0
LVGL_EVENT seq=1411 speed=22 status=0
LVGL_EVENT seq=1412 speed=24 status=0
LVGL_EVENT seq=1413 speed=26 status=0
LVGL_EVENT seq=1414 speed=28 status=0
LVGL_EVENT seq=1415 speed=30 status=0
LVGL_EVENT seq=1416 speed=32 status=0
LVGL_EVENT seq=1417 speed=34 status=0
LVGL_EVENT seq=1418 speed=36 status=0
LVGL_EVENT seq=1419 speed=38 status=0
LVGL_EVENT seq=1420 speed=40 status=0
LVGL_EVENT seq=1421 speed=42 status=0
LVGL_EVENT seq=1422 speed=44 status=0
LVGL_EVENT seq=1423 speed=46 status=0
LVGL_EVENT seq=1424 speed=48 status=0
LVGL_EVENT seq=1425 speed=50 status=0
LVGL_EVENT seq=1426 speed=52 status=0
LVGL_EVENT seq=1427 speed=54 status=0
LVGL_EVENT seq=1428 speed=56 status=0
LVGL_EVENT seq=1429 speed=58 status=0
LVGL_EVENT seq=1430 speed=60 status=0
LVGL_EVENT seq=1431 speed=62 status=0
LVGL_EVENT seq=1432 speed=64 status=0
LVGL_EVENT seq=1433 speed=66 status=0
LVGL_EVENT seq=1434 speed=68 status=0
LVGL_EVENT seq=1435 speed=70 status=0
LVGL_EVENT seq=1436 speed=72 status=0
LVGL_EVENT seq=1437 speed=74 status=0
LVGL_EVENT seq=1438 speed=76 status=0
LVGL_EVENT seq=1439 speed=78 status=0
LVGL_EVENT seq=1440 speed=80 status=0
LVGL_EVENT seq=1441 speed=82 status=0
LVGL_EVENT seq=1442 speed=84 status=0
LVGL_EVENT seq=1443 speed=86 status=0
LVGL_EVENT seq=1444 speed=88 status=0
LVGL_EVENT seq=1445 speed=90 status=0
LVGL_EVENT seq=1446 speed=92 status=0
LVGL_EVENT seq=1447 speed=94 status=0
LVGL_EVENT seq=1448 speed=96 status=0
LVGL_EVENT seq=1449 speed=98 status=0
LVGL_EVENT seq=1450 speed=100 status=0
LVGL_EVENT seq=1451 speed=98 status=0
LVGL_EVENT seq=1452 speed=96 status=0
LVGL_EVENT seq=1453 speed=94 status=0
LVGL_EVENT seq=1454 speed=92 status=0
LVGL_EVENT seq=1455 speed=90 status=0
LVGL_EVENT seq=1456 speed=88 status=0
LVGL_EVENT seq=1457 speed=86 status=0
LVGL_EVENT seq=1458 speed=84 status=0
LVGL_EVENT seq=1459 speed=82 status=0
LVGL_EVENT seq=1460 speed=80 status=0
LVGL_EVENT seq=1461 speed=78 status=0
LVGL_EVENT seq=1462 speed=76 status=0
LVGL_EVENT seq=1463 speed=74 status=0
LVGL_EVENT seq=1464 speed=72 status=0
LVGL_EVENT seq=1465 speed=70 status=0
LVGL_EVENT seq=1466 speed=68 status=0
LVGL_EVENT seq=1467 speed=66 status=0
LVGL_EVENT seq=1468 speed=64 status=0
LVGL_EVENT seq=1469 speed=62 status=0
LVGL_EVENT seq=1470 speed=60 status=0
LVGL_EVENT seq=1471 speed=58 status=0
LVGL_EVENT seq=1472 speed=56 status=0
LVGL_EVENT seq=1473 speed=54 status=0
LVGL_EVENT seq=1474 speed=52 status=0
LVGL_EVENT seq=1475 speed=50 status=0
LVGL_EVENT seq=1476 speed=48 status=0
LVGL_EVENT seq=1477 speed=46 status=0
LVGL_EVENT seq=1478 speed=44 status=0
LVGL_EVENT seq=1479 speed=42 status=0
LVGL_EVENT seq=1480 speed=40 status=0
LVGL_EVENT seq=1481 speed=38 status=0
LVGL_EVENT seq=1482 speed=36 status=0
LVGL_EVENT seq=1483 speed=34 status=0
LVGL_EVENT seq=1484 speed=32 status=0
LVGL_EVENT seq=1485 speed=30 status=0
LVGL_EVENT seq=1486 speed=28 status=0
LVGL_EVENT seq=1487 speed=26 status=0
LVGL_EVENT seq=1488 speed=24 status=0
LVGL_EVENT seq=1489 speed=22 status=0
LVGL_EVENT seq=1490 speed=20 status=0
LVGL_EVENT seq=1491 speed=18 status=0
LVGL_EVENT seq=1492 speed=16 status=0
LVGL_EVENT seq=1493 speed=14 status=0
LVGL_EVENT seq=1494 speed=12 status=0
LVGL_EVENT seq=1495 speed=10 status=0
LVGL_EVENT seq=1496 speed=8 status=0
LVGL_EVENT seq=1497 speed=6 status=0
LVGL_EVENT seq=1498 speed=4 status=0
LVGL_EVENT seq=1499 speed=2 status=0
LVGL_EVENT seq=1500 speed=0 status=0
LVGL_EVENT seq=1501 speed=2 status=0
LVGL_EVENT seq=1502 speed=4 status=0
LVGL_EVENT seq=1503 speed=6 status=0
LVGL_EVENT seq=1504 speed=8 status=0
LVGL_EVENT seq=1505 speed=10 status=0
LVGL_EVENT seq=1506 speed=12 status=0
LVGL_EVENT seq=1507 speed=14 status=0
LVGL_EVENT seq=1508 speed=16 status=0
LVGL_EVENT seq=1509 speed=18 status=0
LVGL_EVENT seq=1510 speed=20 status=0
LVGL_EVENT seq=1511 speed=22 status=0
LVGL_EVENT seq=1512 speed=24 status=0
LVGL_EVENT seq=1513 speed=26 status=0
LVGL_EVENT seq=1514 speed=28 status=0
LVGL_EVENT seq=1515 speed=30 status=0
LVGL_EVENT seq=1516 speed=32 status=0
LVGL_EVENT seq=1517 speed=34 status=0
LVGL_EVENT seq=1518 speed=36 status=0
LVGL_EVENT seq=1519 speed=38 status=0
LVGL_EVENT seq=1520 speed=40 status=0
LVGL_EVENT seq=1521 speed=42 status=0
LVGL_EVENT seq=1522 speed=44 status=0
LVGL_EVENT seq=1523 speed=46 status=0
LVGL_EVENT seq=1524 speed=48 status=0
LVGL_EVENT seq=1525 speed=50 status=0
LVGL_EVENT seq=1526 speed=52 status=0
LVGL_EVENT seq=1527 speed=54 status=0
LVGL_EVENT seq=1528 speed=56 status=0
LVGL_EVENT seq=1529 speed=58 status=0
LVGL_EVENT seq=1530 speed=60 status=0
LVGL_EVENT seq=1531 speed=62 status=0
LVGL_EVENT seq=1532 speed=64 status=0
LVGL_EVENT seq=1533 speed=66 status=0
LVGL_EVENT seq=1534 speed=68 status=0
LVGL_EVENT seq=1535 speed=70 status=0
LVGL_EVENT seq=1536 speed=72 status=0
LVGL_EVENT seq=1537 speed=74 status=0
LVGL_EVENT seq=1538 speed=76 status=0
LVGL_EVENT seq=1539 speed=78 status=0
LVGL_EVENT seq=1540 speed=80 status=0
LVGL_EVENT seq=1541 speed=82 status=0
LVGL_EVENT seq=1542 speed=84 status=0
LVGL_EVENT seq=1543 speed=86 status=0
LVGL_EVENT seq=1544 speed=88 status=0
LVGL_EVENT seq=1545 speed=90 status=0
LVGL_EVENT seq=1546 speed=92 status=0
LVGL_EVENT seq=1547 speed=94 status=0
LVGL_EVENT seq=1548 speed=96 status=0
LVGL_EVENT seq=1549 speed=98 status=0
LVGL_EVENT seq=1550 speed=100 status=0
LVGL_EVENT seq=1551 speed=98 status=0
LVGL_EVENT seq=1552 speed=96 status=0
LVGL_EVENT seq=1553 speed=94 status=0
LVGL_EVENT seq=1554 speed=92 status=0
LVGL_EVENT seq=1555 speed=90 status=0
LVGL_EVENT seq=1556 speed=88 status=0
LVGL_EVENT seq=1557 speed=86 status=0
LVGL_EVENT seq=1558 speed=84 status=0
LVGL_EVENT seq=1559 speed=82 status=0
LVGL_EVENT seq=1560 speed=80 status=0
LVGL_EVENT seq=1561 speed=78 status=0
LVGL_EVENT seq=1562 speed=76 status=0
LVGL_EVENT seq=1563 speed=74 status=0
LVGL_EVENT seq=1564 speed=72 status=0
LVGL_EVENT seq=1565 speed=70 status=0
LVGL_EVENT seq=1566 speed=68 status=0
LVGL_EVENT seq=1567 speed=66 status=0
LVGL_EVENT seq=1568 speed=64 status=0
LVGL_EVENT seq=1569 speed=62 status=0
LVGL_EVENT seq=1570 speed=60 status=0
LVGL_EVENT seq=1571 speed=58 status=0
LVGL_EVENT seq=1572 speed=56 status=0
LVGL_EVENT seq=1573 speed=54 status=0
LVGL_EVENT seq=1574 speed=52 status=0
LVGL_EVENT seq=1575 speed=50 status=0
LVGL_EVENT seq=1576 speed=48 status=0
LVGL_EVENT seq=1577 speed=46 status=0
LVGL_EVENT seq=1578 speed=44 status=0
LVGL_EVENT seq=1579 speed=42 status=0
LVGL_EVENT seq=1580 speed=40 status=0
LVGL_EVENT seq=1581 speed=38 status=0
LVGL_EVENT seq=1582 speed=36 status=0
LVGL_EVENT seq=1583 speed=34 status=0
LVGL_EVENT seq=1584 speed=32 status=0
LVGL_EVENT seq=1585 speed=30 status=0
LVGL_EVENT seq=1586 speed=28 status=0
LVGL_EVENT seq=1587 speed=26 status=0
LVGL_EVENT seq=1588 speed=24 status=0
LVGL_EVENT seq=1589 speed=22 status=0
LVGL_EVENT seq=1590 speed=20 status=0
LVGL_EVENT seq=1591 speed=18 status=0
LVGL_EVENT seq=1592 speed=16 status=0
LVGL_EVENT seq=1593 speed=14 status=0
LVGL_EVENT seq=1594 speed=12 status=0
LVGL_EVENT seq=1595 speed=10 status=0
LVGL_EVENT seq=1596 speed=8 status=0
LVGL_EVENT seq=1597 speed=6 status=0
LVGL_EVENT seq=1598 speed=4 status=0
LVGL_EVENT seq=1599 speed=2 status=0
LVGL_EVENT seq=1600 speed=0 status=0
LVGL_EVENT seq=1601 speed=2 status=0
LVGL_EVENT seq=1602 speed=4 status=0
LVGL_EVENT seq=1603 speed=6 status=0
LVGL_EVENT seq=1604 speed=8 status=0
LVGL_EVENT seq=1605 speed=10 status=0
LVGL_EVENT seq=1606 speed=12 status=0
LVGL_EVENT seq=1607 speed=14 status=0
LVGL_EVENT seq=1608 speed=16 status=0
LVGL_EVENT seq=1609 speed=18 status=0
LVGL_EVENT seq=1610 speed=20 status=0
LVGL_EVENT seq=1611 speed=22 status=0
LVGL_EVENT seq=1612 speed=24 status=0
LVGL_EVENT seq=1613 speed=26 status=0
LVGL_EVENT seq=1614 speed=28 status=0
LVGL_EVENT seq=1615 speed=30 status=0
LVGL_EVENT seq=1616 speed=32 status=0
LVGL_EVENT seq=1617 speed=34 status=0
LVGL_EVENT seq=1618 speed=36 status=0
LVGL_EVENT seq=1619 speed=38 status=0
LVGL_EVENT seq=1620 speed=40 status=0
LVGL_EVENT seq=1621 speed=42 status=0
LVGL_EVENT seq=1622 speed=44 status=0
LVGL_EVENT seq=1623 speed=46 status=0
LVGL_EVENT seq=1624 speed=48 status=0
LVGL_EVENT seq=1625 speed=50 status=0
LVGL_EVENT seq=1626 speed=52 status=0
LVGL_EVENT seq=1627 speed=54 status=0
LVGL_EVENT seq=1628 speed=56 status=0
LVGL_EVENT seq=1629 speed=58 status=0
LVGL_EVENT seq=1630 speed=60 status=0
LVGL_EVENT seq=1631 speed=62 status=0
LVGL_EVENT seq=1632 speed=64 status=0
LVGL_EVENT seq=1633 speed=66 status=0
LVGL_EVENT seq=1634 speed=68 status=0
LVGL_EVENT seq=1635 speed=70 status=0
LVGL_EVENT seq=1636 speed=72 status=0
LVGL_EVENT seq=1637 speed=74 status=0
LVGL_EVENT seq=1638 speed=76 status=0
LVGL_EVENT seq=1639 speed=78 status=0
LVGL_EVENT seq=1640 speed=80 status=0
LVGL_EVENT seq=1641 speed=82 status=0
LVGL_EVENT seq=1642 speed=84 status=0
LVGL_EVENT seq=1643 speed=86 status=0
LVGL_EVENT seq=1644 speed=88 status=0
LVGL_EVENT seq=1645 speed=90 status=0
LVGL_EVENT seq=1646 speed=92 status=0
LVGL_EVENT seq=1647 speed=94 status=0
LVGL_EVENT seq=1648 speed=96 status=0
LVGL_EVENT seq=1649 speed=98 status=0
LVGL_EVENT seq=1650 speed=100 status=0
LVGL_EVENT seq=1651 speed=98 status=0
LVGL_EVENT seq=1652 speed=96 status=0
LVGL_EVENT seq=1653 speed=94 status=0
LVGL_EVENT seq=1654 speed=92 status=0
LVGL_EVENT seq=1655 speed=90 status=0
LVGL_EVENT seq=1656 speed=88 status=0
LVGL_EVENT seq=1657 speed=86 status=0
LVGL_EVENT seq=1658 speed=84 status=0
LVGL_EVENT seq=1659 speed=82 status=0
LVGL_EVENT seq=1660 speed=80 status=0
LVGL_EVENT seq=1661 speed=78 status=0
LVGL_EVENT seq=1662 speed=76 status=0
LVGL_EVENT seq=1663 speed=74 status=0
LVGL_EVENT seq=1664 speed=72 status=0
LVGL_EVENT seq=1665 speed=70 status=0
LVGL_EVENT seq=1666 speed=68 status=0
LVGL_EVENT seq=1667 speed=66 status=0
LVGL_EVENT seq=1668 speed=64 status=0
LVGL_EVENT seq=1669 speed=62 status=0
LVGL_EVENT seq=1670 speed=60 status=0
LVGL_EVENT seq=1671 speed=58 status=0
LVGL_EVENT seq=1672 speed=56 status=0
LVGL_EVENT seq=1673 speed=54 status=0
LVGL_EVENT seq=1674 speed=52 status=0
LVGL_EVENT seq=1675 speed=50 status=0
LVGL_EVENT seq=1676 speed=48 status=0
LVGL_EVENT seq=1677 speed=46 status=0
LVGL_EVENT seq=1678 speed=44 status=0
LVGL_EVENT seq=1679 speed=42 status=0
LVGL_EVENT seq=1680 speed=40 status=0
LVGL_EVENT seq=1681 speed=38 status=0
LVGL_EVENT seq=1682 speed=36 status=0
LVGL_EVENT seq=1683 speed=34 status=0
LVGL_EVENT seq=1684 speed=32 status=0
LVGL_EVENT seq=1685 speed=30 status=0
LVGL_EVENT seq=1686 speed=28 status=0
LVGL_EVENT seq=1687 speed=26 status=0
LVGL_EVENT seq=1688 speed=24 status=0
LVGL_EVENT seq=1689 speed=22 status=0
LVGL_EVENT seq=1690 speed=20 status=0
LVGL_EVENT seq=1691 speed=18 status=0
LVGL_EVENT seq=1692 speed=16 status=0
LVGL_EVENT seq=1693 speed=14 status=0
LVGL_EVENT seq=1694 speed=12 status=0
LVGL_EVENT seq=1695 speed=10 status=0
LVGL_EVENT seq=1696 speed=8 status=0
LVGL_EVENT seq=1697 speed=6 status=0
LVGL_EVENT seq=1698 speed=4 status=0
LVGL_EVENT seq=1699 speed=2 status=0
LVGL_EVENT seq=1700 speed=0 status=0
LVGL_EVENT seq=1701 speed=2 status=0
LVGL_EVENT seq=1702 speed=4 status=0
LVGL_EVENT seq=1703 speed=6 status=0
LVGL_EVENT seq=1704 speed=8 status=0
LVGL_EVENT seq=1705 speed=10 status=0
LVGL_EVENT seq=1706 speed=12 status=0
LVGL_EVENT seq=1707 speed=14 status=0
LVGL_EVENT seq=1708 speed=16 status=0
LVGL_EVENT seq=1709 speed=18 status=0
LVGL_EVENT seq=1710 speed=20 status=0
LVGL_EVENT seq=1711 speed=22 status=0
LVGL_EVENT seq=1712 speed=24 status=0
LVGL_EVENT seq=1713 speed=26 status=0
LVGL_EVENT seq=1714 speed=28 status=0
LVGL_EVENT seq=1715 speed=30 status=0
LVGL_EVENT seq=1716 speed=32 status=0
LVGL_EVENT seq=1717 speed=34 status=0
LVGL_EVENT seq=1718 speed=36 status=0
LVGL_EVENT seq=1719 speed=38 status=0
LVGL_EVENT seq=1720 speed=40 status=0
LVGL_EVENT seq=1721 speed=42 status=0
LVGL_EVENT seq=1722 speed=44 status=0
LVGL_EVENT seq=1723 speed=46 status=0
LVGL_EVENT seq=1724 speed=48 status=0
LVGL_EVENT seq=1725 speed=50 status=0
LVGL_EVENT seq=1726 speed=52 status=0
LVGL_EVENT seq=1727 speed=54 status=0
LVGL_EVENT seq=1728 speed=56 status=0
LVGL_EVENT seq=1729 speed=58 status=0
LVGL_EVENT seq=1730 speed=60 status=0
LVGL_EVENT seq=1731 speed=62 status=0
LVGL_EVENT seq=1732 speed=64 status=0
LVGL_EVENT seq=1733 speed=66 status=0
LVGL_EVENT seq=1734 speed=68 status=0
LVGL_EVENT seq=1735 speed=70 status=0
LVGL_EVENT seq=1736 speed=72 status=0
LVGL_EVENT seq=1737 speed=74 status=0
LVGL_EVENT seq=1738 speed=76 status=0
LVGL_EVENT seq=1739 speed=78 status=0
LVGL_EVENT seq=1740 speed=80 status=0
LVGL_EVENT seq=1741 speed=82 status=0
LVGL_EVENT seq=1742 speed=84 status=0
LVGL_EVENT seq=1743 speed=86 status=0
LVGL_EVENT seq=1744 speed=88 status=0
LVGL_EVENT seq=1745 speed=90 status=0
LVGL_EVENT seq=1746 speed=92 status=0
LVGL_EVENT seq=1747 speed=94 status=0
LVGL_EVENT seq=1748 speed=96 status=0
LVGL_EVENT seq=1749 speed=98 status=0
LVGL_EVENT seq=1750 speed=100 status=0
LVGL_EVENT seq=1751 speed=98 status=0
LVGL_EVENT seq=1752 speed=96 status=0
LVGL_EVENT seq=1753 speed=94 status=0
LVGL_EVENT seq=1754 speed=92 status=0
LVGL_EVENT seq=1755 speed=90 status=0
LVGL_EVENT seq=1756 speed=88 status=0
LVGL_EVENT seq=1757 speed=86 status=0
LVGL_EVENT seq=1758 speed=84 status=0
LVGL_EVENT seq=1759 speed=82 status=0
LVGL_EVENT seq=1760 speed=80 status=0
LVGL_EVENT seq=1761 speed=78 status=0
LVGL_EVENT seq=1762 speed=76 status=0
LVGL_EVENT seq=1763 speed=74 status=0
LVGL_EVENT seq=1764 speed=72 status=0
LVGL_EVENT seq=1765 speed=70 status=0
LVGL_EVENT seq=1766 speed=68 status=0
LVGL_EVENT seq=1767 speed=66 status=0
LVGL_EVENT seq=1768 speed=64 status=0
LVGL_EVENT seq=1769 speed=62 status=0
LVGL_EVENT seq=1770 speed=60 status=0
LVGL_EVENT seq=1771 speed=58 status=0
LVGL_EVENT seq=1772 speed=56 status=0
LVGL_EVENT seq=1773 speed=54 status=0
LVGL_EVENT seq=1774 speed=52 status=0
LVGL_EVENT seq=1775 speed=50 status=0
LVGL_EVENT seq=1776 speed=48 status=0
LVGL_EVENT seq=1777 speed=46 status=0
LVGL_EVENT seq=1778 speed=44 status=0
LVGL_EVENT seq=1779 speed=42 status=0
LVGL_EVENT seq=1780 speed=40 status=0
LVGL_EVENT seq=1781 speed=38 status=0
LVGL_EVENT seq=1782 speed=36 status=0
LVGL_EVENT seq=1783 speed=34 status=0
LVGL_EVENT seq=1784 speed=32 status=0
LVGL_EVENT seq=1785 speed=30 status=0
LVGL_EVENT seq=1786 speed=28 status=0
LVGL_EVENT seq=1787 speed=26 status=0
LVGL_EVENT seq=1788 speed=24 status=0
LVGL_EVENT seq=1789 speed=22 status=0
LVGL_EVENT seq=1790 speed=20 status=0
LVGL_EVENT seq=1791 speed=18 status=0
LVGL_EVENT seq=1792 speed=16 status=0
LVGL_EVENT seq=1793 speed=14 status=0
LVGL_EVENT seq=1794 speed=12 status=0
LVGL_EVENT seq=1795 speed=10 status=0
LVGL_EVENT seq=1796 speed=8 status=0
LVGL_EVENT seq=1797 speed=6 status=0
LVGL_EVENT seq=1798 speed=4 status=0
LVGL_EVENT seq=1799 speed=2 status=0
[VehicleState] Required field 'speedKph' out of range [0, 200] (got 255)
[VehicleState] Required field 'rpm' out of range [0, 8000] (got 9999)
[VehicleState] Required field 'soc' out of range [0, 100] (got 150)
[VehicleState] Optional field 'engineCoolantTemp' out of range [-50.0, 200.0] (got -999.00)
[VehicleState] Optional field 'evBatteryLevel' out of range [0.0, 100.0] (got 150.00)
LVGL_EVENT seq=1800 speed=255 status=1
[VehicleState] Required field 'speedKph' out of range [0, 200] (got 255)
[VehicleState] Required field 'rpm' out of range [0, 8000] (got 9999)
[VehicleState] Required field 'soc' out of range [0, 100] (got 150)
[VehicleState] Optional field 'engineCoolantTemp' out of range [-50.0, 200.0] (got -999.00)
[VehicleState] Optional field 'evBatteryLevel' out of range [0.0, 100.0] (got 150.00)
LVGL_EVENT seq=1801 speed=255 status=1
[VehicleState] Required field 'speedKph' out of range [0, 200] (got 255)
[VehicleState] Required field 'rpm' out of range [0, 8000] (got 9999)
[VehicleState] Required field 'soc' out of range [0, 100] (got 150)
[VehicleState] Optional field 'engineCoolantTemp' out of range [-50.0, 200.0] (got -999.00)
[VehicleState] Optional field 'evBatteryLevel' out of range [0.0, 100.0] (got 150.00)
LVGL_EVENT seq=1802 speed=255 status=1
[VehicleState] Required field 'speedKph' out of range [0, 200] (got 255)
[VehicleState] Required field 'rpm' out of range [0, 8000] (got 9999)
[VehicleState] Required field 'soc' out of range [0, 100] (got 150)
[VehicleState] Optional field 'engineCoolantTemp' out of range [-50.0, 200.0] (got -999.00)
[VehicleState] Optional field 'evBatteryLevel' out of range [0.0, 100.0] (got 150.00)
LVGL_EVENT seq=1803 speed=255 status=1
[VehicleState] Required field 'speedKph' out of range [0, 200] (got 255)
[VehicleState] Required field 'rpm' out of range [0, 8000] (got 9999)
[VehicleState] Required field 'soc' out of range [0, 100] (got 150)
[VehicleState] Optional field 'engineCoolantTemp' out of range [-50.0, 200.0] (got -999.00)
[VehicleState] Optional field 'evBatteryLevel' out of range [0.0, 100.0] (got 150.00)
LVGL_EVENT seq=1804 speed=255 status=1
[VehicleState] Required field 'speedKph' out of range [0, 200] (got 255)
[VehicleState] Required field 'rpm' out of range [0, 8000] (got 9999)
[VehicleState] Required field 'soc' out of range [0, 100] (got 150)
[VehicleState] Optional field 'engineCoolantTemp' out of range [-50.0, 200.0] (got -999.00)
[VehicleState] Optional field 'evBatteryLevel' out of range [0.0, 100.0] (got 150.00)
LVGL_EVENT seq=1805 speed=255 status=1
[VehicleState] Required field 'speedKph' out of range [0, 200] (got 255)
[VehicleState] Required field 'rpm' out of range [0, 8000] (got 9999)
[VehicleState] Required field 'soc' out of range [0, 100] (got 150)
[VehicleState] Optional field 'engineCoolantTemp' out of range [-50.0, 200.0] (got -999.00)
[VehicleState] Optional field 'evBatteryLevel' out of range [0.0, 100.0] (got 150.00)
LVGL_EVENT seq=1806 speed=255 status=1
[VehicleState] Required field 'speedKph' out of range [0, 200] (got 255)
[VehicleState] Required field 'rpm' out of range [0, 8000] (got 9999)
[VehicleState] Required field 'soc' out of range [0, 100] (got 150)
[VehicleState] Optional field 'engineCoolantTemp' out of range [-50.0, 200.0] (got -999.00)
[VehicleState] Optional field 'evBatteryLevel' out of range [0.0, 100.0] (got 150.00)
LVGL_EVENT seq=1807 speed=255 status=1
[VehicleState] Required field 'speedKph' out of range [0, 200] (got 255)
[VehicleState] Required field 'rpm' out of range [0, 8000] (got 9999)
[VehicleState] Required field 'soc' out of range [0, 100] (got 150)
[VehicleState] Optional field 'engineCoolantTemp' out of range [-50.0, 200.0] (got -999.00)
[VehicleState] Optional field 'evBatteryLevel' out of range [0.0, 100.0] (got 150.00)
LVGL_EVENT seq=1808 speed=255 status=1
[VehicleState] Required field 'speedKph' out of range [0, 200] (got 255)
[VehicleState] Required field 'rpm' out of range [0, 8000] (got 9999)
[VehicleState] Required field 'soc' out of range [0, 100] (got 150)
[VehicleState] Optional field 'engineCoolantTemp' out of range [-50.0, 200.0] (got -999.00)
[VehicleState] Optional field 'evBatteryLevel' out of range [0.0, 100.0] (got 150.00)
LVGL_EVENT seq=1809 speed=255 status=1
[VehicleState] Required field 'speedKph' out of range [0, 200] (got 255)
[VehicleState] Required field 'rpm' out of range [0, 8000] (got 9999)
[VehicleState] Required field 'soc' out of range [0, 100] (got 150)
[VehicleState] Optional field 'engineCoolantTemp' out of range [-50.0, 200.0] (got -999.00)
[VehicleState] Optional field 'evBatteryLevel' out of range [0.0, 100.0] (got 150.00)
LVGL_EVENT seq=1810 speed=255 status=1
[VehicleState] Required field 'speedKph' out of range [0, 200] (got 255)
[VehicleState] Required field 'rpm' out of range [0, 8000] (got 9999)
[VehicleState] Required field 'soc' out of range [0, 100] (got 150)
[VehicleState] Optional field 'engineCoolantTemp' out of range [-50.0, 200.0] (got -999.00)
[VehicleState] Optional field 'evBatteryLevel' out of range [0.0, 100.0] (got 150.00)
LVGL_EVENT seq=1811 speed=255 status=1
[VehicleState] Required field 'speedKph' out of range [0, 200] (got 255)
[VehicleState] Required field 'rpm' out of range [0, 8000] (got 9999)
[VehicleState] Required field 'soc' out of range [0, 100] (got 150)
[VehicleState] Optional field 'engineCoolantTemp' out of range [-50.0, 200.0] (got -999.00)
[VehicleState] Optional field 'evBatteryLevel' out of range [0.0, 100.0] (got 150.00)
LVGL_EVENT seq=1812 speed=255 status=1
[VehicleState] Required field 'speedKph' out of range [0, 200] (got 255)
[VehicleState] Required field 'rpm' out of range [0, 8000] (got 9999)
[VehicleState] Required field 'soc' out of range [0, 100] (got 150)
[VehicleState] Optional field 'engineCoolantTemp' out of range [-50.0, 200.0] (got -999.00)
[VehicleState] Optional field 'evBatteryLevel' out of range [0.0, 100.0] (got 150.00)
LVGL_EVENT seq=1813 speed=255 status=1
[VehicleState] Required field 'speedKph' out of range [0, 200] (got 255)
[VehicleState] Required field 'rpm' out of range [0, 8000] (got 9999)
[VehicleState] Required field 'soc' out of range [0, 100] (got 150)
[VehicleState] Optional field 'engineCoolantTemp' out of range [-50.0, 200.0] (got -999.00)
[VehicleState] Optional field 'evBatteryLevel' out of range [0.0, 100.0] (got 150.00)
LVGL_EVENT seq=1814 speed=255 status=1
[VehicleState] Required field 'speedKph' out of range [0, 200] (got 255)
[VehicleState] Required field 'rpm' out of range [0, 8000] (got 9999)
[VehicleState] Required field 'soc' out of range [0, 100] (got 150)
[VehicleState] Optional field 'engineCoolantTemp' out of range [-50.0, 200.0] (got -999.00)
[VehicleState] Optional field 'evBatteryLevel' out of range [0.0, 100.0] (got 150.00)
LVGL_EVENT seq=1815 speed=255 status=1
[VehicleState] Required field 'speedKph' out of range [0, 200] (got 255)
[VehicleState] Required field 'rpm' out of range [0, 8000] (got 9999)
[VehicleState] Required field 'soc' out of range [0, 100] (got 150)
[VehicleState] Optional field 'engineCoolantTemp' out of range [-50.0, 200.0] (got -999.00)
[VehicleState] Optional field 'evBatteryLevel' out of range [0.0, 100.0] (got 150.00)
LVGL_EVENT seq=1816 speed=255 status=1
[VehicleState] Required field 'speedKph' out of range [0, 200] (got 255)
[VehicleState] Required field 'rpm' out of range [0, 8000] (got 9999)
[VehicleState] Required field 'soc' out of range [0, 100] (got 150)
[VehicleState] Optional field 'engineCoolantTemp' out of range [-50.0, 200.0] (got -999.00)
[VehicleState] Optional field 'evBatteryLevel' out of range [0.0, 100.0] (got 150.00)
LVGL_EVENT seq=1817 speed=255 status=1
[VehicleState] Required field 'speedKph' out of range [0, 200] (got 255)
[VehicleState] Required field 'rpm' out of range [0, 8000] (got 9999)
[VehicleState] Required field 'soc' out of range [0, 100] (got 150)
[VehicleState] Optional field 'engineCoolantTemp' out of range [-50.0, 200.0] (got -999.00)
[VehicleState] Optional field 'evBatteryLevel' out of range [0.0, 100.0] (got 150.00)
LVGL_EVENT seq=1818 speed=255 status=1
[VehicleState] Required field 'speedKph' out of range [0, 200] (got 255)
[VehicleState] Required field 'rpm' out of range [0, 8000] (got 9999)
[VehicleState] Required field 'soc' out of range [0, 100] (got 150)
[VehicleState] Optional field 'engineCoolantTemp' out of range [-50.0, 200.0] (got -999.00)
[VehicleState] Optional field 'evBatteryLevel' out of range [0.0, 100.0] (got 150.00)
LVGL_EVENT seq=1819 speed=255 status=1
[VehicleState] Required field 'speedKph' out of range [0, 200] (got 255)
[VehicleState] Required field 'rpm' out of range [0, 8000] (got 9999)
[VehicleState] Required field 'soc' out of range [0, 100] (got 150)
[VehicleState] Optional field 'engineCoolantTemp' out of range [-50.0, 200.0] (got -999.00)
[VehicleState] Optional field 'evBatteryLevel' out of range [0.0, 100.0] (got 150.00)
LVGL_EVENT seq=1820 speed=255 status=1
[VehicleState] Required field 'speedKph' out of range [0, 200] (got 255)
[VehicleState] Required field 'rpm' out of range [0, 8000] (got 9999)
[VehicleState] Required field 'soc' out of range [0, 100] (got 150)
[VehicleState] Optional field 'engineCoolantTemp' out of range [-50.0, 200.0] (got -999.00)
[VehicleState] Optional field 'evBatteryLevel' out of range [0.0, 100.0] (got 150.00)
LVGL_EVENT seq=1821 speed=255 status=1
[VehicleState] Required field 'speedKph' out of range [0, 200] (got 255)
[VehicleState] Required field 'rpm' out of range [0, 8000] (got 9999)
[VehicleState] Required field 'soc' out of range [0, 100] (got 150)
[VehicleState] Optional field 'engineCoolantTemp' out of range [-50.0, 200.0] (got -999.00)
[VehicleState] Optional field 'evBatteryLevel' out of range [0.0, 100.0] (got 150.00)
LVGL_EVENT seq=1822 speed=255 status=1
[VehicleState] Required field 'speedKph' out of range [0, 200] (got 255)
[VehicleState] Required field 'rpm' out of range [0, 8000] (got 9999)
[VehicleState] Required field 'soc' out of range [0, 100] (got 150)
[VehicleState] Optional field 'engineCoolantTemp' out of range [-50.0, 200.0] (got -999.00)
[VehicleState] Optional field 'evBatteryLevel' out of range [0.0, 100.0] (got 150.00)
LVGL_EVENT seq=1823 speed=255 status=1
[VehicleState] Required field 'speedKph' out of range [0, 200] (got 255)
[VehicleState] Required field 'rpm' out of range [0, 8000] (got 9999)
[VehicleState] Required field 'soc' out of range [0, 100] (got 150)
[VehicleState] Optional field 'engineCoolantTemp' out of range [-50.0, 200.0] (got -999.00)
[VehicleState] Optional field 'evBatteryLevel' out of range [0.0, 100.0] (got 150.00)
LVGL_EVENT seq=1824 speed=255 status=1
[VehicleState] Required field 'speedKph' out of range [0, 200] (got 255)
[VehicleState] Required field 'rpm' out of range [0, 8000] (got 9999)
[VehicleState] Required field 'soc' out of range [0, 100] (got 150)
[VehicleState] Optional field 'engineCoolantTemp' out of range [-50.0, 200.0] (got -999.00)
[VehicleState] Optional field 'evBatteryLevel' out of range [0.0, 100.0] (got 150.00)
LVGL_EVENT seq=1825 speed=255 status=1
[VehicleState] Required field 'speedKph' out of range [0, 200] (got 255)
[VehicleState] Required field 'rpm' out of range [0, 8000] (got 9999)
[VehicleState] Required field 'soc' out of range [0, 100] (got 150)
[VehicleState] Optional field 'engineCoolantTemp' out of range [-50.0, 200.0] (got -999.00)
[VehicleState] Optional field 'evBatteryLevel' out of range [0.0, 100.0] (got 150.00)
LVGL_EVENT seq=1826 speed=255 status=1
[VehicleState] Required field 'speedKph' out of range [0, 200] (got 255)
[VehicleState] Required field 'rpm' out of range [0, 8000] (got 9999)
[VehicleState] Required field 'soc' out of range [0, 100] (got 150)
[VehicleState] Optional field 'engineCoolantTemp' out of range [-50.0, 200.0] (got -999.00)
[VehicleState] Optional field 'evBatteryLevel' out of range [0.0, 100.0] (got 150.00)
LVGL_EVENT seq=1827 speed=255 status=1
[VehicleState] Required field 'speedKph' out of range [0, 200] (got 255)
[VehicleState] Required field 'rpm' out of range [0, 8000] (got 9999)
[VehicleState] Required field 'soc' out of range [0, 100] (got 150)
[VehicleState] Optional field 'engineCoolantTemp' out of range [-50.0, 200.0] (got -999.00)
[VehicleState] Optional field 'evBatteryLevel' out of range [0.0, 100.0] (got 150.00)
LVGL_EVENT seq=1828 speed=255 status=1
[VehicleState] Required field 'speedKph' out of range [0, 200] (got 255)
[VehicleState] Required field 'rpm' out of range [0, 8000] (got 9999)
[VehicleState] Required field 'soc' out of range [0, 100] (got 150)
[VehicleState] Optional field 'engineCoolantTemp' out of range [-50.0, 200.0] (got -999.00)
[VehicleState] Optional field 'evBatteryLevel' out of range [0.0, 100.0] (got 150.00)
LVGL_EVENT seq=1829 speed=255 status=1
[VehicleState] Required field 'speedKph' out of range [0, 200] (got 255)
[VehicleState] Required field 'rpm' out of range [0, 8000] (got 9999)
[VehicleState] Required field 'soc' out of range [0, 100] (got 150)
[VehicleState] Optional field 'engineCoolantTemp' out of range [-50.0, 200.0] (got -999.00)
[VehicleState] Optional field 'evBatteryLevel' out of range [0.0, 100.0] (got 150.00)
LVGL_EVENT seq=1830 speed=255 status=1
[VehicleState] Required field 'speedKph' out of range [0, 200] (got 255)
[VehicleState] Required field 'rpm' out of range [0, 8000] (got 9999)
[VehicleState] Required field 'soc' out of range [0, 100] (got 150)
[VehicleState] Optional field 'engineCoolantTemp' out of range [-50.0, 200.0] (got -999.00)
[VehicleState] Optional field 'evBatteryLevel' out of range [0.0, 100.0] (got 150.00)
LVGL_EVENT seq=1831 speed=255 status=1
[VehicleState] Required field 'speedKph' out of range [0, 200] (got 255)
[VehicleState] Required field 'rpm' out of range [0, 8000] (got 9999)
[VehicleState] Required field 'soc' out of range [0, 100] (got 150)
[VehicleState] Optional field 'engineCoolantTemp' out of range [-50.0, 200.0] (got -999.00)
[VehicleState] Optional field 'evBatteryLevel' out of range [0.0, 100.0] (got 150.00)
LVGL_EVENT seq=1832 speed=255 status=1
[VehicleState] Required field 'speedKph' out of range [0, 200] (got 255)
[VehicleState] Required field 'rpm' out of range [0, 8000] (got 9999)
[VehicleState] Required field 'soc' out of range [0, 100] (got 150)
[VehicleState] Optional field 'engineCoolantTemp' out of range [-50.0, 200.0] (got -999.00)
[VehicleState] Optional field 'evBatteryLevel' out of range [0.0, 100.0] (got 150.00)
LVGL_EVENT seq=1833 speed=255 status=1
[VehicleState] Required field 'speedKph' out of range [0, 200] (got 255)
[VehicleState] Required field 'rpm' out of range [0, 8000] (got 9999)
[VehicleState] Required field 'soc' out of range [0, 100] (got 150)
[VehicleState] Optional field 'engineCoolantTemp' out of range [-50.0, 200.0] (got -999.00)
[VehicleState] Optional field 'evBatteryLevel' out of range [0.0, 100.0] (got 150.00)
LVGL_EVENT seq=1834 speed=255 status=1
[VehicleState] Required field 'speedKph' out of range [0, 200] (got 255)
[VehicleState] Required field 'rpm' out of range [0, 8000] (got 9999)
[VehicleState] Required field 'soc' out of range [0, 100] (got 150)
[VehicleState] Optional field 'engineCoolantTemp' out of range [-50.0, 200.0] (got -999.00)
[VehicleState] Optional field 'evBatteryLevel' out of range [0.0, 100.0] (got 150.00)
LVGL_EVENT seq=1835 speed=255 status=1
[VehicleState] Required field 'speedKph' out of range [0, 200] (got 255)
[VehicleState] Required field 'rpm' out of range [0, 8000] (got 9999)
[VehicleState] Required field 'soc' out of range [0, 100] (got 150)
[VehicleState] Optional field 'engineCoolantTemp' out of range [-50.0, 200.0] (got -999.00)
[VehicleState] Optional field 'evBatteryLevel' out of range [0.0, 100.0] (got 150.00)
LVGL_EVENT seq=1836 speed=255 status=1
[VehicleState] Required field 'speedKph' out of range [0, 200] (got 255)
[VehicleState] Required field 'rpm' out of range [0, 8000] (got 9999)
[VehicleState] Required field 'soc' out of range [0, 100] (got 150)
[VehicleState] Optional field 'engineCoolantTemp' out of range [-50.0, 200.0] (got -999.00)
[VehicleState] Optional field 'evBatteryLevel' out of range [0.0, 100.0] (got 150.00)
LVGL_EVENT seq=1837 speed=255 status=1
[VehicleState] Required field 'speedKph' out of range [0, 200] (got 255)
[VehicleState] Required field 'rpm' out of range [0, 8000] (got 9999)
[VehicleState] Required field 'soc' out of range [0, 100] (got 150)
[VehicleState] Optional field 'engineCoolantTemp' out of range [-50.0, 200.0] (got -999.00)
[VehicleState] Optional field 'evBatteryLevel' out of range [0.0, 100.0] (got 150.00)
LVGL_EVENT seq=1838 speed=255 status=1
[VehicleState] Required field 'speedKph' out of range [0, 200] (got 255)
[VehicleState] Required field 'rpm' out of range [0, 8000] (got 9999)
[VehicleState] Required field 'soc' out of range [0, 100] (got 150)
[VehicleState] Optional field 'engineCoolantTemp' out of range [-50.0, 200.0] (got -999.00)
[VehicleState] Optional field 'evBatteryLevel' out of range [0.0, 100.0] (got 150.00)
LVGL_EVENT seq=1839 speed=255 status=1
[VehicleState] Required field 'speedKph' out of range [0, 200] (got 255)
[VehicleState] Required field 'rpm' out of range [0, 8000] (got 9999)
[VehicleState] Required field 'soc' out of range [0, 100] (got 150)
[VehicleState] Optional field 'engineCoolantTemp' out of range [-50.0, 200.0] (got -999.00)
[VehicleState] Optional field 'evBatteryLevel' out of range [0.0, 100.0] (got 150.00)
LVGL_EVENT seq=1840 speed=255 status=1
[VehicleState] Required field 'speedKph' out of range [0, 200] (got 255)
[VehicleState] Required field 'rpm' out of range [0, 8000] (got 9999)
[VehicleState] Required field 'soc' out of range [0, 100] (got 150)
[VehicleState] Optional field 'engineCoolantTemp' out of range [-50.0, 200.0] (got -999.00)
[VehicleState] Optional field 'evBatteryLevel' out of range [0.0, 100.0] (got 150.00)
LVGL_EVENT seq=1841 speed=255 status=1
[VehicleState] Required field 'speedKph' out of range [0, 200] (got 255)
[VehicleState] Required field 'rpm' out of range [0, 8000] (got 9999)
[VehicleState] Required field 'soc' out of range [0, 100] (got 150)
[VehicleState] Optional field 'engineCoolantTemp' out of range [-50.0, 200.0] (got -999.00)
[VehicleState] Optional field 'evBatteryLevel' out of range [0.0, 100.0] (got 150.00)
LVGL_EVENT seq=1842 speed=255 status=1
[VehicleState] Required field 'speedKph' out of range [0, 200] (got 255)
[VehicleState] Required field 'rpm' out of range [0, 8000] (got 9999)
[VehicleState] Required field 'soc' out of range [0, 100] (got 150)
[VehicleState] Optional field 'engineCoolantTemp' out of range [-50.0, 200.0] (got -999.00)
[VehicleState] Optional field 'evBatteryLevel' out of range [0.0, 100.0] (got 150.00)
LVGL_EVENT seq=1843 speed=255 status=1
[VehicleState] Required field 'speedKph' out of range [0, 200] (got 255)
[VehicleState] Required field 'rpm' out of range [0, 8000] (got 9999)
[VehicleState] Required field 'soc' out of range [0, 100] (got 150)
[VehicleState] Optional field 'engineCoolantTemp' out of range [-50.0, 200.0] (got -999.00)
[VehicleState] Optional field 'evBatteryLevel' out of range [0.0, 100.0] (got 150.00)
LVGL_EVENT seq=1844 speed=255 status=1
[VehicleState] Required field 'speedKph' out of range [0, 200] (got 255)
[VehicleState] Required field 'rpm' out of range [0, 8000] (got 9999)
[VehicleState] Required field 'soc' out of range [0, 100] (got 150)
[VehicleState] Optional field 'engineCoolantTemp' out of range [-50.0, 200.0] (got -999.00)
[VehicleState] Optional field 'evBatteryLevel' out of range [0.0, 100.0] (got 150.00)
LVGL_EVENT seq=1845 speed=255 status=1
[VehicleState] Required field 'speedKph' out of range [0, 200] (got 255)
[VehicleState] Required field 'rpm' out of range [0, 8000] (got 9999)
[VehicleState] Required field 'soc' out of range [0, 100] (got 150)
[VehicleState] Optional field 'engineCoolantTemp' out of range [-50.0, 200.0] (got -999.00)
[VehicleState] Optional field 'evBatteryLevel' out of range [0.0, 100.0] (got 150.00)
LVGL_EVENT seq=1846 speed=255 status=1
[VehicleState] Required field 'speedKph' out of range [0, 200] (got 255)
[VehicleState] Required field 'rpm' out of range [0, 8000] (got 9999)
[VehicleState] Required field 'soc' out of range [0, 100] (got 150)
[VehicleState] Optional field 'engineCoolantTemp' out of range [-50.0, 200.0] (got -999.00)
[VehicleState] Optional field 'evBatteryLevel' out of range [0.0, 100.0] (got 150.00)
LVGL_EVENT seq=1847 speed=255 status=1
[VehicleState] Required field 'speedKph' out of range [0, 200] (got 255)
[VehicleState] Required field 'rpm' out of range [0, 8000] (got 9999)
[VehicleState] Required field 'soc' out of range [0, 100] (got 150)
[VehicleState] Optional field 'engineCoolantTemp' out of range [-50.0, 200.0] (got -999.00)
[VehicleState] Optional field 'evBatteryLevel' out of range [0.0, 100.0] (got 150.00)
LVGL_EVENT seq=1848 speed=255 status=1
[VehicleState] Required field 'speedKph' out of range [0, 200] (got 255)
[VehicleState] Required field 'rpm' out of range [0, 8000] (got 9999)
[VehicleState] Required field 'soc' out of range [0, 100] (got 150)
[VehicleState] Optional field 'engineCoolantTemp' out of range [-50.0, 200.0] (got -999.00)
[VehicleState] Optional field 'evBatteryLevel' out of range [0.0, 100.0] (got 150.00)
LVGL_EVENT seq=1849 speed=255 status=1
[VehicleState] Required field 'speedKph' out of range [0, 200] (got 255)
[VehicleState] Required field 'rpm' out of range [0, 8000] (got 9999)
[VehicleState] Required field 'soc' out of range [0, 100] (got 150)
[VehicleState] Optional field 'engineCoolantTemp' out of range [-50.0, 200.0] (got -999.00)
[VehicleState] Optional field 'evBatteryLevel' out of range [0.0, 100.0] (got 150.00)
LVGL_EVENT seq=1850 speed=255 status=1
[VehicleState] Required field 'speedKph' out of range [0, 200] (got 255)
[VehicleState] Required field 'rpm' out of range [0, 8000] (got 9999)
[VehicleState] Required field 'soc' out of range [0, 100] (got 150)
[VehicleState] Optional field 'engineCoolantTemp' out of range [-50.0, 200.0] (got -999.00)
[VehicleState] Optional field 'evBatteryLevel' out of range [0.0, 100.0] (got 150.00)
LVGL_EVENT seq=1851 speed=255 status=1
[VehicleState] Required field 'speedKph' out of range [0, 200] (got 255)
[VehicleState] Required field 'rpm' out of range [0, 8000] (got 9999)
[VehicleState] Required field 'soc' out of range [0, 100] (got 150)
[VehicleState] Optional field 'engineCoolantTemp' out of range [-50.0, 200.0] (got -999.00)
[VehicleState] Optional field 'evBatteryLevel' out of range [0.0, 100.0] (got 150.00)
LVGL_EVENT seq=1852 speed=255 status=1
[VehicleState] Required field 'speedKph' out of range [0, 200] (got 255)
[VehicleState] Required field 'rpm' out of range [0, 8000] (got 9999)
[VehicleState] Required field 'soc' out of range [0, 100] (got 150)
[VehicleState] Optional field 'engineCoolantTemp' out of range [-50.0, 200.0] (got -999.00)
[VehicleState] Optional field 'evBatteryLevel' out of range [0.0, 100.0] (got 150.00)
LVGL_EVENT seq=1853 speed=255 status=1
[VehicleState] Required field 'speedKph' out of range [0, 200] (got 255)
[VehicleState] Required field 'rpm' out of range [0, 8000] (got 9999)
[VehicleState] Required field 'soc' out of range [0, 100] (got 150)
[VehicleState] Optional field 'engineCoolantTemp' out of range [-50.0, 200.0] (got -999.00)
[VehicleState] Optional field 'evBatteryLevel' out of range [0.0, 100.0] (got 150.00)
LVGL_EVENT seq=1854 speed=255 status=1
[VehicleState] Required field 'speedKph' out of range [0, 200] (got 255)
[VehicleState] Required field 'rpm' out of range [0, 8000] (got 9999)
[VehicleState] Required field 'soc' out of range [0, 100] (got 150)
[VehicleState] Optional field 'engineCoolantTemp' out of range [-50.0, 200.0] (got -999.00)
[VehicleState] Optional field 'evBatteryLevel' out of range [0.0, 100.0] (got 150.00)
LVGL_EVENT seq=1855 speed=255 status=1
[VehicleState] Required field 'speedKph' out of range [0, 200] (got 255)
[VehicleState] Required field 'rpm' out of range [0, 8000] (got 9999)
[VehicleState] Required field 'soc' out of range [0, 100] (got 150)
[VehicleState] Optional field 'engineCoolantTemp' out of range [-50.0, 200.0] (got -999.00)
[VehicleState] Optional field 'evBatteryLevel' out of range [0.0, 100.0] (got 150.00)
LVGL_EVENT seq=1856 speed=255 status=1
[VehicleState] Required field 'speedKph' out of range [0, 200] (got 255)
[VehicleState] Required field 'rpm' out of range [0, 8000] (got 9999)
[VehicleState] Required field 'soc' out of range [0, 100] (got 150)
[VehicleState] Optional field 'engineCoolantTemp' out of range [-50.0, 200.0] (got -999.00)
[VehicleState] Optional field 'evBatteryLevel' out of range [0.0, 100.0] (got 150.00)
LVGL_EVENT seq=1857 speed=255 status=1
[VehicleState] Required field 'speedKph' out of range [0, 200] (got 255)
[VehicleState] Required field 'rpm' out of range [0, 8000] (got 9999)
[VehicleState] Required field 'soc' out of range [0, 100] (got 150)
[VehicleState] Optional field 'engineCoolantTemp' out of range [-50.0, 200.0] (got -999.00)
[VehicleState] Optional field 'evBatteryLevel' out of range [0.0, 100.0] (got 150.00)
LVGL_EVENT seq=1858 speed=255 status=1
[VehicleState] Required field 'speedKph' out of range [0, 200] (got 255)
[VehicleState] Required field 'rpm' out of range [0, 8000] (got 9999)
[VehicleState] Required field 'soc' out of range [0, 100] (got 150)
[VehicleState] Optional field 'engineCoolantTemp' out of range [-50.0, 200.0] (got -999.00)
[VehicleState] Optional field 'evBatteryLevel' out of range [0.0, 100.0] (got 150.00)
LVGL_EVENT seq=1859 speed=255 status=1
[VehicleState] Required field 'speedKph' out of range [0, 200] (got 255)
[VehicleState] Required field 'rpm' out of range [0, 8000] (got 9999)
[VehicleState] Required field 'soc' out of range [0, 100] (got 150)
[VehicleState] Optional field 'engineCoolantTemp' out of range [-50.0, 200.0] (got -999.00)
[VehicleState] Optional field 'evBatteryLevel' out of range [0.0, 100.0] (got 150.00)
LVGL_EVENT seq=1860 speed=255 status=1
[VehicleState] Required field 'speedKph' out of range [0, 200] (got 255)
[VehicleState] Required field 'rpm' out of range [0, 8000] (got 9999)
[VehicleState] Required field 'soc' out of range [0, 100] (got 150)
[VehicleState] Optional field 'engineCoolantTemp' out of range [-50.0, 200.0] (got -999.00)
[VehicleState] Optional field 'evBatteryLevel' out of range [0.0, 100.0] (got 150.00)
LVGL_EVENT seq=1861 speed=255 status=1
[VehicleState] Required field 'speedKph' out of range [0, 200] (got 255)
[VehicleState] Required field 'rpm' out of range [0, 8000] (got 9999)
[VehicleState] Required field 'soc' out of range [0, 100] (got 150)
[VehicleState] Optional field 'engineCoolantTemp' out of range [-50.0, 200.0] (got -999.00)
[VehicleState] Optional field 'evBatteryLevel' out of range [0.0, 100.0] (got 150.00)
LVGL_EVENT seq=1862 speed=255 status=1
[VehicleState] Required field 'speedKph' out of range [0, 200] (got 255)
[VehicleState] Required field 'rpm' out of range [0, 8000] (got 9999)
[VehicleState] Required field 'soc' out of range [0, 100] (got 150)
[VehicleState] Optional field 'engineCoolantTemp' out of range [-50.0, 200.0] (got -999.00)
[VehicleState] Optional field 'evBatteryLevel' out of range [0.0, 100.0] (got 150.00)
LVGL_EVENT seq=1863 speed=255 status=1
[VehicleState] Required field 'speedKph' out of range [0, 200] (got 255)
[VehicleState] Required field 'rpm' out of range [0, 8000] (got 9999)
[VehicleState] Required field 'soc' out of range [0, 100] (got 150)
[VehicleState] Optional field 'engineCoolantTemp' out of range [-50.0, 200.0] (got -999.00)
[VehicleState] Optional field 'evBatteryLevel' out of range [0.0, 100.0] (got 150.00)
LVGL_EVENT seq=1864 speed=255 status=1
[VehicleState] Required field 'speedKph' out of range [0, 200] (got 255)
[VehicleState] Required field 'rpm' out of range [0, 8000] (got 9999)
[VehicleState] Required field 'soc' out of range [0, 100] (got 150)
[VehicleState] Optional field 'engineCoolantTemp' out of range [-50.0, 200.0] (got -999.00)
[VehicleState] Optional field 'evBatteryLevel' out of range [0.0, 100.0] (got 150.00)
LVGL_EVENT seq=1865 speed=255 status=1
[VehicleState] Required field 'speedKph' out of range [0, 200] (got 255)
[VehicleState] Required field 'rpm' out of range [0, 8000] (got 9999)
[VehicleState] Required field 'soc' out of range [0, 100] (got 150)
[VehicleState] Optional field 'engineCoolantTemp' out of range [-50.0, 200.0] (got -999.00)
[VehicleState] Optional field 'evBatteryLevel' out of range [0.0, 100.0] (got 150.00)
LVGL_EVENT seq=1866 speed=255 status=1
[VehicleState] Required field 'speedKph' out of range [0, 200] (got 255)
[VehicleState] Required field 'rpm' out of range [0, 8000] (got 9999)
[VehicleState] Required field 'soc' out of range [0, 100] (got 150)
[VehicleState] Optional field 'engineCoolantTemp' out of range [-50.0, 200.0] (got -999.00)
[VehicleState] Optional field 'evBatteryLevel' out of range [0.0, 100.0] (got 150.00)
LVGL_EVENT seq=1867 speed=255 status=1
[VehicleState] Required field 'speedKph' out of range [0, 200] (got 255)
[VehicleState] Required field 'rpm' out of range [0, 8000] (got 9999)
[VehicleState] Required field 'soc' out of range [0, 100] (got 150)
[VehicleState] Optional field 'engineCoolantTemp' out of range [-50.0, 200.0] (got -999.00)
[VehicleState] Optional field 'evBatteryLevel' out of range [0.0, 100.0] (got 150.00)
LVGL_EVENT seq=1868 speed=255 status=1
[VehicleState] Required field 'speedKph' out of range [0, 200] (got 255)
[VehicleState] Required field 'rpm' out of range [0, 8000] (got 9999)
[VehicleState] Required field 'soc' out of range [0, 100] (got 150)
[VehicleState] Optional field 'engineCoolantTemp' out of range [-50.0, 200.0] (got -999.00)
[VehicleState] Optional field 'evBatteryLevel' out of range [0.0, 100.0] (got 150.00)
LVGL_EVENT seq=1869 speed=255 status=1
[VehicleState] Required field 'speedKph' out of range [0, 200] (got 255)
[VehicleState] Required field 'rpm' out of range [0, 8000] (got 9999)
[VehicleState] Required field 'soc' out of range [0, 100] (got 150)
[VehicleState] Optional field 'engineCoolantTemp' out of range [-50.0, 200.0] (got -999.00)
[VehicleState] Optional field 'evBatteryLevel' out of range [0.0, 100.0] (got 150.00)
LVGL_EVENT seq=1870 speed=255 status=1
[VehicleState] Required field 'speedKph' out of range [0, 200] (got 255)
[VehicleState] Required field 'rpm' out of range [0, 8000] (got 9999)
[VehicleState] Required field 'soc' out of range [0, 100] (got 150)
[VehicleState] Optional field 'engineCoolantTemp' out of range [-50.0, 200.0] (got -999.00)
[VehicleState] Optional field 'evBatteryLevel' out of range [0.0, 100.0] (got 150.00)
LVGL_EVENT seq=1871 speed=255 status=1
[VehicleState] Required field 'speedKph' out of range [0, 200] (got 255)
[VehicleState] Required field 'rpm' out of range [0, 8000] (got 9999)
[VehicleState] Required field 'soc' out of range [0, 100] (got 150)
[VehicleState] Optional field 'engineCoolantTemp' out of range [-50.0, 200.0] (got -999.00)
[VehicleState] Optional field 'evBatteryLevel' out of range [0.0, 100.0] (got 150.00)
LVGL_EVENT seq=1872 speed=255 status=1
[VehicleState] Required field 'speedKph' out of range [0, 200] (got 255)
[VehicleState] Required field 'rpm' out of range [0, 8000] (got 9999)
[VehicleState] Required field 'soc' out of range [0, 100] (got 150)
[VehicleState] Optional field 'engineCoolantTemp' out of range [-50.0, 200.0] (got -999.00)
[VehicleState] Optional field 'evBatteryLevel' out of range [0.0, 100.0] (got 150.00)
LVGL_EVENT seq=1873 speed=255 status=1
[VehicleState] Required field 'speedKph' out of range [0, 200] (got 255)
[VehicleState] Required field 'rpm' out of range [0, 8000] (got 9999)
[VehicleState] Required field 'soc' out of range [0, 100] (got 150)
[VehicleState] Optional field 'engineCoolantTemp' out of range [-50.0, 200.0] (got -999.00)
[VehicleState] Optional field 'evBatteryLevel' out of range [0.0, 100.0] (got 150.00)
LVGL_EVENT seq=1874 speed=255 status=1
[VehicleState] Required field 'speedKph' out of range [0, 200] (got 255)
[VehicleState] Required field 'rpm' out of range [0, 8000] (got 9999)
[VehicleState] Required field 'soc' out of range [0, 100] (got 150)
[VehicleState] Optional field 'engineCoolantTemp' out of range [-50.0, 200.0] (got -999.00)
[VehicleState] Optional field 'evBatteryLevel' out of range [0.0, 100.0] (got 150.00)
LVGL_EVENT seq=1875 speed=255 status=1
[VehicleState] Required field 'speedKph' out of range [0, 200] (got 255)
[VehicleState] Required field 'rpm' out of range [0, 8000] (got 9999)
[VehicleState] Required field 'soc' out of range [0, 100] (got 150)
[VehicleState] Optional field 'engineCoolantTemp' out of range [-50.0, 200.0] (got -999.00)
[VehicleState] Optional field 'evBatteryLevel' out of range [0.0, 100.0] (got 150.00)
LVGL_EVENT seq=1876 speed=255 status=1
[VehicleState] Required field 'speedKph' out of range [0, 200] (got 255)
[VehicleState] Required field 'rpm' out of range [0, 8000] (got 9999)
[VehicleState] Required field 'soc' out of range [0, 100] (got 150)
[VehicleState] Optional field 'engineCoolantTemp' out of range [-50.0, 200.0] (got -999.00)
[VehicleState] Optional field 'evBatteryLevel' out of range [0.0, 100.0] (got 150.00)
LVGL_EVENT seq=1877 speed=255 status=1
[VehicleState] Required field 'speedKph' out of range [0, 200] (got 255)
[VehicleState] Required field 'rpm' out of range [0, 8000] (got 9999)
[VehicleState] Required field 'soc' out of range [0, 100] (got 150)
[VehicleState] Optional field 'engineCoolantTemp' out of range [-50.0, 200.0] (got -999.00)
[VehicleState] Optional field 'evBatteryLevel' out of range [0.0, 100.0] (got 150.00)
LVGL_EVENT seq=1878 speed=255 status=1
[VehicleState] Required field 'speedKph' out of range [0, 200] (got 255)
[VehicleState] Required field 'rpm' out of range [0, 8000] (got 9999)
[VehicleState] Required field 'soc' out of range [0, 100] (got 150)
[VehicleState] Optional field 'engineCoolantTemp' out of range [-50.0, 200.0] (got -999.00)
[VehicleState] Optional field 'evBatteryLevel' out of range [0.0, 100.0] (got 150.00)
LVGL_EVENT seq=1879 speed=255 status=1
[VehicleState] Required field 'speedKph' out of range [0, 200] (got 255)
[VehicleState] Required field 'rpm' out of range [0, 8000] (got 9999)
[VehicleState] Required field 'soc' out of range [0, 100] (got 150)
[VehicleState] Optional field 'engineCoolantTemp' out of range [-50.0, 200.0] (got -999.00)
[VehicleState] Optional field 'evBatteryLevel' out of range [0.0, 100.0] (got 150.00)
LVGL_EVENT seq=1880 speed=255 status=1
[VehicleState] Required field 'speedKph' out of range [0, 200] (got 255)
[VehicleState] Required field 'rpm' out of range [0, 8000] (got 9999)
[VehicleState] Required field 'soc' out of range [0, 100] (got 150)
[VehicleState] Optional field 'engineCoolantTemp' out of range [-50.0, 200.0] (got -999.00)
[VehicleState] Optional field 'evBatteryLevel' out of range [0.0, 100.0] (got 150.00)
LVGL_EVENT seq=1881 speed=255 status=1
[VehicleState] Required field 'speedKph' out of range [0, 200] (got 255)
[VehicleState] Required field 'rpm' out of range [0, 8000] (got 9999)
[VehicleState] Required field 'soc' out of range [0, 100] (got 150)
[VehicleState] Optional field 'engineCoolantTemp' out of range [-50.0, 200.0] (got -999.00)
[VehicleState] Optional field 'evBatteryLevel' out of range [0.0, 100.0] (got 150.00)
LVGL_EVENT seq=1882 speed=255 status=1
[VehicleState] Required field 'speedKph' out of range [0, 200] (got 255)
[VehicleState] Required field 'rpm' out of range [0, 8000] (got 9999)
[VehicleState] Required field 'soc' out of range [0, 100] (got 150)
[VehicleState] Optional field 'engineCoolantTemp' out of range [-50.0, 200.0] (got -999.00)
[VehicleState] Optional field 'evBatteryLevel' out of range [0.0, 100.0] (got 150.00)
LVGL_EVENT seq=1883 speed=255 status=1
[VehicleState] Required field 'speedKph' out of range [0, 200] (got 255)
[VehicleState] Required field 'rpm' out of range [0, 8000] (got 9999)
[VehicleState] Required field 'soc' out of range [0, 100] (got 150)
[VehicleState] Optional field 'engineCoolantTemp' out of range [-50.0, 200.0] (got -999.00)
[VehicleState] Optional field 'evBatteryLevel' out of range [0.0, 100.0] (got 150.00)
LVGL_EVENT seq=1884 speed=255 status=1
[VehicleState] Required field 'speedKph' out of range [0, 200] (got 255)
[VehicleState] Required field 'rpm' out of range [0, 8000] (got 9999)
[VehicleState] Required field 'soc' out of range [0, 100] (got 150)
[VehicleState] Optional field 'engineCoolantTemp' out of range [-50.0, 200.0] (got -999.00)
[VehicleState] Optional field 'evBatteryLevel' out of range [0.0, 100.0] (got 150.00)
LVGL_EVENT seq=1885 speed=255 status=1
[VehicleState] Required field 'speedKph' out of range [0, 200] (got 255)
[VehicleState] Required field 'rpm' out of range [0, 8000] (got 9999)
[VehicleState] Required field 'soc' out of range [0, 100] (got 150)
[VehicleState] Optional field 'engineCoolantTemp' out of range [-50.0, 200.0] (got -999.00)
[VehicleState] Optional field 'evBatteryLevel' out of range [0.0, 100.0] (got 150.00)
LVGL_EVENT seq=1886 speed=255 status=1
[VehicleState] Required field 'speedKph' out of range [0, 200] (got 255)
[VehicleState] Required field 'rpm' out of range [0, 8000] (got 9999)
[VehicleState] Required field 'soc' out of range [0, 100] (got 150)
[VehicleState] Optional field 'engineCoolantTemp' out of range [-50.0, 200.0] (got -999.00)
[VehicleState] Optional field 'evBatteryLevel' out of range [0.0, 100.0] (got 150.00)
LVGL_EVENT seq=1887 speed=255 status=1
[VehicleState] Required field 'speedKph' out of range [0, 200] (got 255)
[VehicleState] Required field 'rpm' out of range [0, 8000] (got 9999)
[VehicleState] Required field 'soc' out of range [0, 100] (got 150)
[VehicleState] Optional field 'engineCoolantTemp' out of range [-50.0, 200.0] (got -999.00)
[VehicleState] Optional field 'evBatteryLevel' out of range [0.0, 100.0] (got 150.00)
LVGL_EVENT seq=1888 speed=255 status=1
[VehicleState] Required field 'speedKph' out of range [0, 200] (got 255)
[VehicleState] Required field 'rpm' out of range [0, 8000] (got 9999)
[VehicleState] Required field 'soc' out of range [0, 100] (got 150)
[VehicleState] Optional field 'engineCoolantTemp' out of range [-50.0, 200.0] (got -999.00)
[VehicleState] Optional field 'evBatteryLevel' out of range [0.0, 100.0] (got 150.00)
LVGL_EVENT seq=1889 speed=255 status=1
[VehicleState] Required field 'speedKph' out of range [0, 200] (got 255)
[VehicleState] Required field 'rpm' out of range [0, 8000] (got 9999)
[VehicleState] Required field 'soc' out of range [0, 100] (got 150)
[VehicleState] Optional field 'engineCoolantTemp' out of range [-50.0, 200.0] (got -999.00)
[VehicleState] Optional field 'evBatteryLevel' out of range [0.0, 100.0] (got 150.00)
LVGL_EVENT seq=1890 speed=255 status=1
[VehicleState] Required field 'speedKph' out of range [0, 200] (got 255)
[VehicleState] Required field 'rpm' out of range [0, 8000] (got 9999)
[VehicleState] Required field 'soc' out of range [0, 100] (got 150)
[VehicleState] Optional field 'engineCoolantTemp' out of range [-50.0, 200.0] (got -999.00)
[VehicleState] Optional field 'evBatteryLevel' out of range [0.0, 100.0] (got 150.00)
LVGL_EVENT seq=1891 speed=255 status=1
[VehicleState] Required field 'speedKph' out of range [0, 200] (got 255)
[VehicleState] Required field 'rpm' out of range [0, 8000] (got 9999)
[VehicleState] Required field 'soc' out of range [0, 100] (got 150)
[VehicleState] Optional field 'engineCoolantTemp' out of range [-50.0, 200.0] (got -999.00)
[VehicleState] Optional field 'evBatteryLevel' out of range [0.0, 100.0] (got 150.00)
LVGL_EVENT seq=1892 speed=255 status=1
[VehicleState] Required field 'speedKph' out of range [0, 200] (got 255)
[VehicleState] Required field 'rpm' out of range [0, 8000] (got 9999)
[VehicleState] Required field 'soc' out of range [0, 100] (got 150)
[VehicleState] Optional field 'engineCoolantTemp' out of range [-50.0, 200.0] (got -999.00)
[VehicleState] Optional field 'evBatteryLevel' out of range [0.0, 100.0] (got 150.00)
LVGL_EVENT seq=1893 speed=255 status=1
[VehicleState] Required field 'speedKph' out of range [0, 200] (got 255)
[VehicleState] Required field 'rpm' out of range [0, 8000] (got 9999)
[VehicleState] Required field 'soc' out of range [0, 100] (got 150)
[VehicleState] Optional field 'engineCoolantTemp' out of range [-50.0, 200.0] (got -999.00)
[VehicleState] Optional field 'evBatteryLevel' out of range [0.0, 100.0] (got 150.00)
LVGL_EVENT seq=1894 speed=255 status=1
[VehicleState] Required field 'speedKph' out of range [0, 200] (got 255)
[VehicleState] Required field 'rpm' out of range [0, 8000] (got 9999)
[VehicleState] Required field 'soc' out of range [0, 100] (got 150)
[VehicleState] Optional field 'engineCoolantTemp' out of range [-50.0, 200.0] (got -999.00)
[VehicleState] Optional field 'evBatteryLevel' out of range [0.0, 100.0] (got 150.00)
LVGL_EVENT seq=1895 speed=255 status=1
[VehicleState] Required field 'speedKph' out of range [0, 200] (got 255)
[VehicleState] Required field 'rpm' out of range [0, 8000] (got 9999)
[VehicleState] Required field 'soc' out of range [0, 100] (got 150)
[VehicleState] Optional field 'engineCoolantTemp' out of range [-50.0, 200.0] (got -999.00)
[VehicleState] Optional field 'evBatteryLevel' out of range [0.0, 100.0] (got 150.00)
LVGL_EVENT seq=1896 speed=255 status=1
[VehicleState] Required field 'speedKph' out of range [0, 200] (got 255)
[VehicleState] Required field 'rpm' out of range [0, 8000] (got 9999)
[VehicleState] Required field 'soc' out of range [0, 100] (got 150)
[VehicleState] Optional field 'engineCoolantTemp' out of range [-50.0, 200.0] (got -999.00)
[VehicleState] Optional field 'evBatteryLevel' out of range [0.0, 100.0] (got 150.00)
LVGL_EVENT seq=1897 speed=255 status=1
[VehicleState] Required field 'speedKph' out of range [0, 200] (got 255)
[VehicleState] Required field 'rpm' out of range [0, 8000] (got 9999)
[VehicleState] Required field 'soc' out of range [0, 100] (got 150)
[VehicleState] Optional field 'engineCoolantTemp' out of range [-50.0, 200.0] (got -999.00)
[VehicleState] Optional field 'evBatteryLevel' out of range [0.0, 100.0] (got 150.00)
LVGL_EVENT seq=1898 speed=255 status=1
[VehicleState] Required field 'speedKph' out of range [0, 200] (got 255)
[VehicleState] Required field 'rpm' out of range [0, 8000] (got 9999)
[VehicleState] Required field 'soc' out of range [0, 100] (got 150)
[VehicleState] Optional field 'engineCoolantTemp' out of range [-50.0, 200.0] (got -999.00)
[VehicleState] Optional field 'evBatteryLevel' out of range [0.0, 100.0] (got 150.00)
LVGL_EVENT seq=1899 speed=255 status=1
[VehicleData] Watchdog: TCP receive timeout (> 3000 ms), vehicle state offline
[VehicleData] Warning: Sequence gap detected: missed 300 packets (expected 1900, got 2200)
[VehicleData] Stream active, vehicle online (seq=2200)
LVGL_EVENT seq=2200 speed=0 status=0
LVGL_EVENT seq=2201 speed=2 status=0
LVGL_EVENT seq=2202 speed=4 status=0
LVGL_EVENT seq=2203 speed=6 status=0
LVGL_EVENT seq=2204 speed=8 status=0
LVGL_EVENT seq=2205 speed=10 status=0
LVGL_EVENT seq=2206 speed=12 status=0
LVGL_EVENT seq=2207 speed=14 status=0
LVGL_EVENT seq=2208 speed=16 status=0
LVGL_EVENT seq=2209 speed=18 status=0
LVGL_EVENT seq=2210 speed=20 status=0
LVGL_EVENT seq=2211 speed=22 status=0
LVGL_EVENT seq=2212 speed=24 status=0
LVGL_EVENT seq=2213 speed=26 status=0
LVGL_EVENT seq=2214 speed=28 status=0
LVGL_EVENT seq=2215 speed=30 status=0
LVGL_EVENT seq=2216 speed=32 status=0
LVGL_EVENT seq=2217 speed=34 status=0
LVGL_EVENT seq=2218 speed=36 status=0
LVGL_EVENT seq=2219 speed=38 status=0
LVGL_EVENT seq=2220 speed=40 status=0
LVGL_EVENT seq=2221 speed=42 status=0
LVGL_EVENT seq=2222 speed=44 status=0
LVGL_EVENT seq=2223 speed=46 status=0
LVGL_EVENT seq=2224 speed=48 status=0
LVGL_EVENT seq=2225 speed=50 status=0
LVGL_EVENT seq=2226 speed=52 status=0
LVGL_EVENT seq=2227 speed=54 status=0
LVGL_EVENT seq=2228 speed=56 status=0
LVGL_EVENT seq=2229 speed=58 status=0
LVGL_EVENT seq=2230 speed=60 status=0
LVGL_EVENT seq=2231 speed=62 status=0
LVGL_EVENT seq=2232 speed=64 status=0
LVGL_EVENT seq=2233 speed=66 status=0
LVGL_EVENT seq=2234 speed=68 status=0
LVGL_EVENT seq=2235 speed=70 status=0
LVGL_EVENT seq=2236 speed=72 status=0
LVGL_EVENT seq=2237 speed=74 status=0
LVGL_EVENT seq=2238 speed=76 status=0
LVGL_EVENT seq=2239 speed=78 status=0
LVGL_EVENT seq=2240 speed=80 status=0
LVGL_EVENT seq=2241 speed=82 status=0
LVGL_EVENT seq=2242 speed=84 status=0
LVGL_EVENT seq=2243 speed=86 status=0
LVGL_EVENT seq=2244 speed=88 status=0
LVGL_EVENT seq=2245 speed=90 status=0
LVGL_EVENT seq=2246 speed=92 status=0
LVGL_EVENT seq=2247 speed=94 status=0
LVGL_EVENT seq=2248 speed=96 status=0
LVGL_EVENT seq=2249 speed=98 status=0
LVGL_EVENT seq=2250 speed=100 status=0
LVGL_EVENT seq=2251 speed=98 status=0
LVGL_EVENT seq=2252 speed=96 status=0
LVGL_EVENT seq=2253 speed=94 status=0
LVGL_EVENT seq=2254 speed=92 status=0
LVGL_EVENT seq=2255 speed=90 status=0
LVGL_EVENT seq=2256 speed=88 status=0
LVGL_EVENT seq=2257 speed=86 status=0
LVGL_EVENT seq=2258 speed=84 status=0
LVGL_EVENT seq=2259 speed=82 status=0
LVGL_EVENT seq=2260 speed=80 status=0
LVGL_EVENT seq=2261 speed=78 status=0
LVGL_EVENT seq=2262 speed=76 status=0
LVGL_EVENT seq=2263 speed=74 status=0
LVGL_EVENT seq=2264 speed=72 status=0
LVGL_EVENT seq=2265 speed=70 status=0
LVGL_EVENT seq=2266 speed=68 status=0
LVGL_EVENT seq=2267 speed=66 status=0
LVGL_EVENT seq=2268 speed=64 status=0
LVGL_EVENT seq=2269 speed=62 status=0
LVGL_EVENT seq=2270 speed=60 status=0
LVGL_EVENT seq=2271 speed=58 status=0
LVGL_EVENT seq=2272 speed=56 status=0
LVGL_EVENT seq=2273 speed=54 status=0
LVGL_EVENT seq=2274 speed=52 status=0
LVGL_EVENT seq=2275 speed=50 status=0
LVGL_EVENT seq=2276 speed=48 status=0
LVGL_EVENT seq=2277 speed=46 status=0
LVGL_EVENT seq=2278 speed=44 status=0
LVGL_EVENT seq=2279 speed=42 status=0
LVGL_EVENT seq=2280 speed=40 status=0
LVGL_EVENT seq=2281 speed=38 status=0
LVGL_EVENT seq=2282 speed=36 status=0
LVGL_EVENT seq=2283 speed=34 status=0
LVGL_EVENT seq=2284 speed=32 status=0
LVGL_EVENT seq=2285 speed=30 status=0
LVGL_EVENT seq=2286 speed=28 status=0
LVGL_EVENT seq=2287 speed=26 status=0
LVGL_EVENT seq=2288 speed=24 status=0
LVGL_EVENT seq=2289 speed=22 status=0
LVGL_EVENT seq=2290 speed=20 status=0
LVGL_EVENT seq=2291 speed=18 status=0
LVGL_EVENT seq=2292 speed=16 status=0
LVGL_EVENT seq=2293 speed=14 status=0
LVGL_EVENT seq=2294 speed=12 status=0
LVGL_EVENT seq=2295 speed=10 status=0
LVGL_EVENT seq=2296 speed=8 status=0
LVGL_EVENT seq=2297 speed=6 status=0
LVGL_EVENT seq=2298 speed=4 status=0
LVGL_EVENT seq=2299 speed=2 status=0
LVGL_EVENT seq=2300 speed=0 status=0
LVGL_EVENT seq=2301 speed=2 status=0
LVGL_EVENT seq=2302 speed=4 status=0
LVGL_EVENT seq=2303 speed=6 status=0
LVGL_EVENT seq=2304 speed=8 status=0
LVGL_EVENT seq=2305 speed=10 status=0
LVGL_EVENT seq=2306 speed=12 status=0
LVGL_EVENT seq=2307 speed=14 status=0
LVGL_EVENT seq=2308 speed=16 status=0
LVGL_EVENT seq=2309 speed=18 status=0
LVGL_EVENT seq=2310 speed=20 status=0
LVGL_EVENT seq=2311 speed=22 status=0
LVGL_EVENT seq=2312 speed=24 status=0
LVGL_EVENT seq=2313 speed=26 status=0
LVGL_EVENT seq=2314 speed=28 status=0
LVGL_EVENT seq=2315 speed=30 status=0
LVGL_EVENT seq=2316 speed=32 status=0
LVGL_EVENT seq=2317 speed=34 status=0
LVGL_EVENT seq=2318 speed=36 status=0
LVGL_EVENT seq=2319 speed=38 status=0
LVGL_EVENT seq=2320 speed=40 status=0
LVGL_EVENT seq=2321 speed=42 status=0
LVGL_EVENT seq=2322 speed=44 status=0
LVGL_EVENT seq=2323 speed=46 status=0
LVGL_EVENT seq=2324 speed=48 status=0
LVGL_EVENT seq=2325 speed=50 status=0
LVGL_EVENT seq=2326 speed=52 status=0
LVGL_EVENT seq=2327 speed=54 status=0
LVGL_EVENT seq=2328 speed=56 status=0
LVGL_EVENT seq=2329 speed=58 status=0
LVGL_EVENT seq=2330 speed=60 status=0
LVGL_EVENT seq=2331 speed=62 status=0
LVGL_EVENT seq=2332 speed=64 status=0
LVGL_EVENT seq=2333 speed=66 status=0
LVGL_EVENT seq=2334 speed=68 status=0
LVGL_EVENT seq=2335 speed=70 status=0
LVGL_EVENT seq=2336 speed=72 status=0
LVGL_EVENT seq=2337 speed=74 status=0
LVGL_EVENT seq=2338 speed=76 status=0
LVGL_EVENT seq=2339 speed=78 status=0
LVGL_EVENT seq=2340 speed=80 status=0
LVGL_EVENT seq=2341 speed=82 status=0
LVGL_EVENT seq=2342 speed=84 status=0
LVGL_EVENT seq=2343 speed=86 status=0
LVGL_EVENT seq=2344 speed=88 status=0
LVGL_EVENT seq=2345 speed=90 status=0
LVGL_EVENT seq=2346 speed=92 status=0
LVGL_EVENT seq=2347 speed=94 status=0
LVGL_EVENT seq=2348 speed=96 status=0
LVGL_EVENT seq=2349 speed=98 status=0
LVGL_EVENT seq=2350 speed=100 status=0
LVGL_EVENT seq=2351 speed=98 status=0
LVGL_EVENT seq=2352 speed=96 status=0
LVGL_EVENT seq=2353 speed=94 status=0
LVGL_EVENT seq=2354 speed=92 status=0
LVGL_EVENT seq=2355 speed=90 status=0
LVGL_EVENT seq=2356 speed=88 status=0
LVGL_EVENT seq=2357 speed=86 status=0
LVGL_EVENT seq=2358 speed=84 status=0
LVGL_EVENT seq=2359 speed=82 status=0
LVGL_EVENT seq=2360 speed=80 status=0
LVGL_EVENT seq=2361 speed=78 status=0
LVGL_EVENT seq=2362 speed=76 status=0
LVGL_EVENT seq=2363 speed=74 status=0
LVGL_EVENT seq=2364 speed=72 status=0
LVGL_EVENT seq=2365 speed=70 status=0
LVGL_EVENT seq=2366 speed=68 status=0
LVGL_EVENT seq=2367 speed=66 status=0
LVGL_EVENT seq=2368 speed=64 status=0
LVGL_EVENT seq=2369 speed=62 status=0
LVGL_EVENT seq=2370 speed=60 status=0
LVGL_EVENT seq=2371 speed=58 status=0
LVGL_EVENT seq=2372 speed=56 status=0
LVGL_EVENT seq=2373 speed=54 status=0
LVGL_EVENT seq=2374 speed=52 status=0
LVGL_EVENT seq=2375 speed=50 status=0
LVGL_EVENT seq=2376 speed=48 status=0
LVGL_EVENT seq=2377 speed=46 status=0
LVGL_EVENT seq=2378 speed=44 status=0
LVGL_EVENT seq=2379 speed=42 status=0
LVGL_EVENT seq=2380 speed=40 status=0
LVGL_EVENT seq=2381 speed=38 status=0
LVGL_EVENT seq=2382 speed=36 status=0
LVGL_EVENT seq=2383 speed=34 status=0
LVGL_EVENT seq=2384 speed=32 status=0
LVGL_EVENT seq=2385 speed=30 status=0
LVGL_EVENT seq=2386 speed=28 status=0
LVGL_EVENT seq=2387 speed=26 status=0
LVGL_EVENT seq=2388 speed=24 status=0
LVGL_EVENT seq=2389 speed=22 status=0
LVGL_EVENT seq=2390 speed=20 status=0
LVGL_EVENT seq=2391 speed=18 status=0
LVGL_EVENT seq=2392 speed=16 status=0
LVGL_EVENT seq=2393 speed=14 status=0
LVGL_EVENT seq=2394 speed=12 status=0
LVGL_EVENT seq=2395 speed=10 status=0
LVGL_EVENT seq=2396 speed=8 status=0
LVGL_EVENT seq=2397 speed=6 status=0
LVGL_EVENT seq=2398 speed=4 status=0
LVGL_EVENT seq=2399 speed=2 status=0
LVGL_EVENT seq=2400 speed=0 status=0
LVGL_EVENT seq=2401 speed=2 status=0
LVGL_EVENT seq=2402 speed=4 status=0
LVGL_EVENT seq=2403 speed=6 status=0
LVGL_EVENT seq=2404 speed=8 status=0
LVGL_EVENT seq=2405 speed=10 status=0
LVGL_EVENT seq=2406 speed=12 status=0
LVGL_EVENT seq=2407 speed=14 status=0
LVGL_EVENT seq=2408 speed=16 status=0
LVGL_EVENT seq=2409 speed=18 status=0
LVGL_EVENT seq=2410 speed=20 status=0
LVGL_EVENT seq=2411 speed=22 status=0
LVGL_EVENT seq=2412 speed=24 status=0
LVGL_EVENT seq=2413 speed=26 status=0
LVGL_EVENT seq=2414 speed=28 status=0
LVGL_EVENT seq=2415 speed=30 status=0
LVGL_EVENT seq=2416 speed=32 status=0
LVGL_EVENT seq=2417 speed=34 status=0
LVGL_EVENT seq=2418 speed=36 status=0
LVGL_EVENT seq=2419 speed=38 status=0
LVGL_EVENT seq=2420 speed=40 status=0
LVGL_EVENT seq=2421 speed=42 status=0
LVGL_EVENT seq=2422 speed=44 status=0
LVGL_EVENT seq=2423 speed=46 status=0
LVGL_EVENT seq=2424 speed=48 status=0
LVGL_EVENT seq=2425 speed=50 status=0
LVGL_EVENT seq=2426 speed=52 status=0
LVGL_EVENT seq=2427 speed=54 status=0
LVGL_EVENT seq=2428 speed=56 status=0
LVGL_EVENT seq=2429 speed=58 status=0
LVGL_EVENT seq=2430 speed=60 status=0
LVGL_EVENT seq=2431 speed=62 status=0
LVGL_EVENT seq=2432 speed=64 status=0
LVGL_EVENT seq=2433 speed=66 status=0
LVGL_EVENT seq=2434 speed=68 status=0
LVGL_EVENT seq=2435 speed=70 status=0
LVGL_EVENT seq=2436 speed=72 status=0
LVGL_EVENT seq=2437 speed=74 status=0
LVGL_EVENT seq=2438 speed=76 status=0
LVGL_EVENT seq=2439 speed=78 status=0
LVGL_EVENT seq=2440 speed=80 status=0
LVGL_EVENT seq=2441 speed=82 status=0
LVGL_EVENT seq=2442 speed=84 status=0
LVGL_EVENT seq=2443 speed=86 status=0
LVGL_EVENT seq=2444 speed=88 status=0
LVGL_EVENT seq=2445 speed=90 status=0
LVGL_EVENT seq=2446 speed=92 status=0
LVGL_EVENT seq=2447 speed=94 status=0
LVGL_EVENT seq=2448 speed=96 status=0
LVGL_EVENT seq=2449 speed=98 status=0
LVGL_EVENT seq=2450 speed=100 status=0
LVGL_EVENT seq=2451 speed=98 status=0
LVGL_EVENT seq=2452 speed=96 status=0
LVGL_EVENT seq=2453 speed=94 status=0
LVGL_EVENT seq=2454 speed=92 status=0
LVGL_EVENT seq=2455 speed=90 status=0
LVGL_EVENT seq=2456 speed=88 status=0
LVGL_EVENT seq=2457 speed=86 status=0
LVGL_EVENT seq=2458 speed=84 status=0
LVGL_EVENT seq=2459 speed=82 status=0
LVGL_EVENT seq=2460 speed=80 status=0
LVGL_EVENT seq=2461 speed=78 status=0
LVGL_EVENT seq=2462 speed=76 status=0
LVGL_EVENT seq=2463 speed=74 status=0
LVGL_EVENT seq=2464 speed=72 status=0
LVGL_EVENT seq=2465 speed=70 status=0
LVGL_EVENT seq=2466 speed=68 status=0
LVGL_EVENT seq=2467 speed=66 status=0
LVGL_EVENT seq=2468 speed=64 status=0
LVGL_EVENT seq=2469 speed=62 status=0
LVGL_EVENT seq=2470 speed=60 status=0
LVGL_EVENT seq=2471 speed=58 status=0
LVGL_EVENT seq=2472 speed=56 status=0
LVGL_EVENT seq=2473 speed=54 status=0
LVGL_EVENT seq=2474 speed=52 status=0
LVGL_EVENT seq=2475 speed=50 status=0
LVGL_EVENT seq=2476 speed=48 status=0
LVGL_EVENT seq=2477 speed=46 status=0
LVGL_EVENT seq=2478 speed=44 status=0
LVGL_EVENT seq=2479 speed=42 status=0
LVGL_EVENT seq=2480 speed=40 status=0
LVGL_EVENT seq=2481 speed=38 status=0
LVGL_EVENT seq=2482 speed=36 status=0
LVGL_EVENT seq=2483 speed=34 status=0
LVGL_EVENT seq=2484 speed=32 status=0
LVGL_EVENT seq=2485 speed=30 status=0
LVGL_EVENT seq=2486 speed=28 status=0
LVGL_EVENT seq=2487 speed=26 status=0
LVGL_EVENT seq=2488 speed=24 status=0
LVGL_EVENT seq=2489 speed=22 status=0
LVGL_EVENT seq=2490 speed=20 status=0
LVGL_EVENT seq=2491 speed=18 status=0
LVGL_EVENT seq=2492 speed=16 status=0
LVGL_EVENT seq=2493 speed=14 status=0
LVGL_EVENT seq=2494 speed=12 status=0
LVGL_EVENT seq=2495 speed=10 status=0
LVGL_EVENT seq=2496 speed=8 status=0
LVGL_EVENT seq=2497 speed=6 status=0
LVGL_EVENT seq=2498 speed=4 status=0
LVGL_EVENT seq=2499 speed=2 status=0
LVGL_EVENT seq=2500 speed=0 status=0
LVGL_EVENT seq=2501 speed=2 status=0
LVGL_EVENT seq=2502 speed=4 status=0
LVGL_EVENT seq=2503 speed=6 status=0
LVGL_EVENT seq=2504 speed=8 status=0
LVGL_EVENT seq=2505 speed=10 status=0
LVGL_EVENT seq=2506 speed=12 status=0
LVGL_EVENT seq=2507 speed=14 status=0
LVGL_EVENT seq=2508 speed=16 status=0
LVGL_EVENT seq=2509 speed=18 status=0
LVGL_EVENT seq=2510 speed=20 status=0
LVGL_EVENT seq=2511 speed=22 status=0
LVGL_EVENT seq=2512 speed=24 status=0
LVGL_EVENT seq=2513 speed=26 status=0
LVGL_EVENT seq=2514 speed=28 status=0
LVGL_EVENT seq=2515 speed=30 status=0
LVGL_EVENT seq=2516 speed=32 status=0
LVGL_EVENT seq=2517 speed=34 status=0
LVGL_EVENT seq=2518 speed=36 status=0
LVGL_EVENT seq=2519 speed=38 status=0
LVGL_EVENT seq=2520 speed=40 status=0
LVGL_EVENT seq=2521 speed=42 status=0
LVGL_EVENT seq=2522 speed=44 status=0
LVGL_EVENT seq=2523 speed=46 status=0
LVGL_EVENT seq=2524 speed=48 status=0
LVGL_EVENT seq=2525 speed=50 status=0
LVGL_EVENT seq=2526 speed=52 status=0
LVGL_EVENT seq=2527 speed=54 status=0
LVGL_EVENT seq=2528 speed=56 status=0
LVGL_EVENT seq=2529 speed=58 status=0
LVGL_EVENT seq=2530 speed=60 status=0
LVGL_EVENT seq=2531 speed=62 status=0
LVGL_EVENT seq=2532 speed=64 status=0
LVGL_EVENT seq=2533 speed=66 status=0
LVGL_EVENT seq=2534 speed=68 status=0
LVGL_EVENT seq=2535 speed=70 status=0
LVGL_EVENT seq=2536 speed=72 status=0
LVGL_EVENT seq=2537 speed=74 status=0
LVGL_EVENT seq=2538 speed=76 status=0
LVGL_EVENT seq=2539 speed=78 status=0
LVGL_EVENT seq=2540 speed=80 status=0
LVGL_EVENT seq=2541 speed=82 status=0
LVGL_EVENT seq=2542 speed=84 status=0
LVGL_EVENT seq=2543 speed=86 status=0
LVGL_EVENT seq=2544 speed=88 status=0
LVGL_EVENT seq=2545 speed=90 status=0
LVGL_EVENT seq=2546 speed=92 status=0
LVGL_EVENT seq=2547 speed=94 status=0
LVGL_EVENT seq=2548 speed=96 status=0
LVGL_EVENT seq=2549 speed=98 status=0
LVGL_EVENT seq=2550 speed=100 status=0
LVGL_EVENT seq=2551 speed=98 status=0
LVGL_EVENT seq=2552 speed=96 status=0
LVGL_EVENT seq=2553 speed=94 status=0
LVGL_EVENT seq=2554 speed=92 status=0
LVGL_EVENT seq=2555 speed=90 status=0
LVGL_EVENT seq=2556 speed=88 status=0
LVGL_EVENT seq=2557 speed=86 status=0
LVGL_EVENT seq=2558 speed=84 status=0
LVGL_EVENT seq=2559 speed=82 status=0
LVGL_EVENT seq=2560 speed=80 status=0
LVGL_EVENT seq=2561 speed=78 status=0
LVGL_EVENT seq=2562 speed=76 status=0
LVGL_EVENT seq=2563 speed=74 status=0
LVGL_EVENT seq=2564 speed=72 status=0
LVGL_EVENT seq=2565 speed=70 status=0
LVGL_EVENT seq=2566 speed=68 status=0
LVGL_EVENT seq=2567 speed=66 status=0
LVGL_EVENT seq=2568 speed=64 status=0
LVGL_EVENT seq=2569 speed=62 status=0
LVGL_EVENT seq=2570 speed=60 status=0
LVGL_EVENT seq=2571 speed=58 status=0
LVGL_EVENT seq=2572 speed=56 status=0
LVGL_EVENT seq=2573 speed=54 status=0
LVGL_EVENT seq=2574 speed=52 status=0
LVGL_EVENT seq=2575 speed=50 status=0
LVGL_EVENT seq=2576 speed=48 status=0
LVGL_EVENT seq=2577 speed=46 status=0
LVGL_EVENT seq=2578 speed=44 status=0
LVGL_EVENT seq=2579 speed=42 status=0
LVGL_EVENT seq=2580 speed=40 status=0
LVGL_EVENT seq=2581 speed=38 status=0
LVGL_EVENT seq=2582 speed=36 status=0
LVGL_EVENT seq=2583 speed=34 status=0
LVGL_EVENT seq=2584 speed=32 status=0
LVGL_EVENT seq=2585 speed=30 status=0
LVGL_EVENT seq=2586 speed=28 status=0
LVGL_EVENT seq=2587 speed=26 status=0
LVGL_EVENT seq=2588 speed=24 status=0
LVGL_EVENT seq=2589 speed=22 status=0
LVGL_EVENT seq=2590 speed=20 status=0
LVGL_EVENT seq=2591 speed=18 status=0
LVGL_EVENT seq=2592 speed=16 status=0
LVGL_EVENT seq=2593 speed=14 status=0
LVGL_EVENT seq=2594 speed=12 status=0
LVGL_EVENT seq=2595 speed=10 status=0
LVGL_EVENT seq=2596 speed=8 status=0
LVGL_EVENT seq=2597 speed=6 status=0
LVGL_EVENT seq=2598 speed=4 status=0
LVGL_EVENT seq=2599 speed=2 status=0
LVGL_EVENT seq=2600 speed=0 status=0
LVGL_EVENT seq=2601 speed=2 status=0
LVGL_EVENT seq=2602 speed=4 status=0
LVGL_EVENT seq=2603 speed=6 status=0
LVGL_EVENT seq=2604 speed=8 status=0
LVGL_EVENT seq=2605 speed=10 status=0
LVGL_EVENT seq=2606 speed=12 status=0
LVGL_EVENT seq=2607 speed=14 status=0
LVGL_EVENT seq=2608 speed=16 status=0
LVGL_EVENT seq=2609 speed=18 status=0
LVGL_EVENT seq=2610 speed=20 status=0
LVGL_EVENT seq=2611 speed=22 status=0
LVGL_EVENT seq=2612 speed=24 status=0
LVGL_EVENT seq=2613 speed=26 status=0
LVGL_EVENT seq=2614 speed=28 status=0
LVGL_EVENT seq=2615 speed=30 status=0
LVGL_EVENT seq=2616 speed=32 status=0
LVGL_EVENT seq=2617 speed=34 status=0
LVGL_EVENT seq=2618 speed=36 status=0
LVGL_EVENT seq=2619 speed=38 status=0
LVGL_EVENT seq=2620 speed=40 status=0
LVGL_EVENT seq=2621 speed=42 status=0
LVGL_EVENT seq=2622 speed=44 status=0
LVGL_EVENT seq=2623 speed=46 status=0
LVGL_EVENT seq=2624 speed=48 status=0
LVGL_EVENT seq=2625 speed=50 status=0
LVGL_EVENT seq=2626 speed=52 status=0
LVGL_EVENT seq=2627 speed=54 status=0
LVGL_EVENT seq=2628 speed=56 status=0
LVGL_EVENT seq=2629 speed=58 status=0
LVGL_EVENT seq=2630 speed=60 status=0
LVGL_EVENT seq=2631 speed=62 status=0
LVGL_EVENT seq=2632 speed=64 status=0
LVGL_EVENT seq=2633 speed=66 status=0
LVGL_EVENT seq=2634 speed=68 status=0
LVGL_EVENT seq=2635 speed=70 status=0
LVGL_EVENT seq=2636 speed=72 status=0
LVGL_EVENT seq=2637 speed=74 status=0
LVGL_EVENT seq=2638 speed=76 status=0
LVGL_EVENT seq=2639 speed=78 status=0
LVGL_EVENT seq=2640 speed=80 status=0
LVGL_EVENT seq=2641 speed=82 status=0
LVGL_EVENT seq=2642 speed=84 status=0
LVGL_EVENT seq=2643 speed=86 status=0
LVGL_EVENT seq=2644 speed=88 status=0
LVGL_EVENT seq=2645 speed=90 status=0
LVGL_EVENT seq=2646 speed=92 status=0
LVGL_EVENT seq=2647 speed=94 status=0
LVGL_EVENT seq=2648 speed=96 status=0
LVGL_EVENT seq=2649 speed=98 status=0
LVGL_EVENT seq=2650 speed=100 status=0
LVGL_EVENT seq=2651 speed=98 status=0
LVGL_EVENT seq=2652 speed=96 status=0
LVGL_EVENT seq=2653 speed=94 status=0
LVGL_EVENT seq=2654 speed=92 status=0
LVGL_EVENT seq=2655 speed=90 status=0
LVGL_EVENT seq=2656 speed=88 status=0
LVGL_EVENT seq=2657 speed=86 status=0
LVGL_EVENT seq=2658 speed=84 status=0
LVGL_EVENT seq=2659 speed=82 status=0
LVGL_EVENT seq=2660 speed=80 status=0
LVGL_EVENT seq=2661 speed=78 status=0
LVGL_EVENT seq=2662 speed=76 status=0
LVGL_EVENT seq=2663 speed=74 status=0
LVGL_EVENT seq=2664 speed=72 status=0
LVGL_EVENT seq=2665 speed=70 status=0
LVGL_EVENT seq=2666 speed=68 status=0
LVGL_EVENT seq=2667 speed=66 status=0
LVGL_EVENT seq=2668 speed=64 status=0
LVGL_EVENT seq=2669 speed=62 status=0
LVGL_EVENT seq=2670 speed=60 status=0
LVGL_EVENT seq=2671 speed=58 status=0
LVGL_EVENT seq=2672 speed=56 status=0
LVGL_EVENT seq=2673 speed=54 status=0
LVGL_EVENT seq=2674 speed=52 status=0
LVGL_EVENT seq=2675 speed=50 status=0
LVGL_EVENT seq=2676 speed=48 status=0
LVGL_EVENT seq=2677 speed=46 status=0
LVGL_EVENT seq=2678 speed=44 status=0
LVGL_EVENT seq=2679 speed=42 status=0
LVGL_EVENT seq=2680 speed=40 status=0
LVGL_EVENT seq=2681 speed=38 status=0
LVGL_EVENT seq=2682 speed=36 status=0
LVGL_EVENT seq=2683 speed=34 status=0
LVGL_EVENT seq=2684 speed=32 status=0
LVGL_EVENT seq=2685 speed=30 status=0
LVGL_EVENT seq=2686 speed=28 status=0
LVGL_EVENT seq=2687 speed=26 status=0
LVGL_EVENT seq=2688 speed=24 status=0
LVGL_EVENT seq=2689 speed=22 status=0
LVGL_EVENT seq=2690 speed=20 status=0
LVGL_EVENT seq=2691 speed=18 status=0
LVGL_EVENT seq=2692 speed=16 status=0
LVGL_EVENT seq=2693 speed=14 status=0
LVGL_EVENT seq=2694 speed=12 status=0
LVGL_EVENT seq=2695 speed=10 status=0
LVGL_EVENT seq=2696 speed=8 status=0
LVGL_EVENT seq=2697 speed=6 status=0
LVGL_EVENT seq=2698 speed=4 status=0
LVGL_EVENT seq=2699 speed=2 status=0
LVGL_EVENT seq=2700 speed=0 status=0
LVGL_EVENT seq=2701 speed=2 status=0
LVGL_EVENT seq=2702 speed=4 status=0
LVGL_EVENT seq=2703 speed=6 status=0
LVGL_EVENT seq=2704 speed=8 status=0
LVGL_EVENT seq=2705 speed=10 status=0
LVGL_EVENT seq=2706 speed=12 status=0
LVGL_EVENT seq=2707 speed=14 status=0
LVGL_EVENT seq=2708 speed=16 status=0
LVGL_EVENT seq=2709 speed=18 status=0
LVGL_EVENT seq=2710 speed=20 status=0
LVGL_EVENT seq=2711 speed=22 status=0
LVGL_EVENT seq=2712 speed=24 status=0
LVGL_EVENT seq=2713 speed=26 status=0
LVGL_EVENT seq=2714 speed=28 status=0
LVGL_EVENT seq=2715 speed=30 status=0
LVGL_EVENT seq=2716 speed=32 status=0
LVGL_EVENT seq=2717 speed=34 status=0
LVGL_EVENT seq=2718 speed=36 status=0
LVGL_EVENT seq=2719 speed=38 status=0
LVGL_EVENT seq=2720 speed=40 status=0
LVGL_EVENT seq=2721 speed=42 status=0
LVGL_EVENT seq=2722 speed=44 status=0
LVGL_EVENT seq=2723 speed=46 status=0
LVGL_EVENT seq=2724 speed=48 status=0
LVGL_EVENT seq=2725 speed=50 status=0
LVGL_EVENT seq=2726 speed=52 status=0
LVGL_EVENT seq=2727 speed=54 status=0
LVGL_EVENT seq=2728 speed=56 status=0
LVGL_EVENT seq=2729 speed=58 status=0
LVGL_EVENT seq=2730 speed=60 status=0
LVGL_EVENT seq=2731 speed=62 status=0
LVGL_EVENT seq=2732 speed=64 status=0
LVGL_EVENT seq=2733 speed=66 status=0
LVGL_EVENT seq=2734 speed=68 status=0
LVGL_EVENT seq=2735 speed=70 status=0
LVGL_EVENT seq=2736 speed=72 status=0
LVGL_EVENT seq=2737 speed=74 status=0
LVGL_EVENT seq=2738 speed=76 status=0
LVGL_EVENT seq=2739 speed=78 status=0
LVGL_EVENT seq=2740 speed=80 status=0
LVGL_EVENT seq=2741 speed=82 status=0
LVGL_EVENT seq=2742 speed=84 status=0
LVGL_EVENT seq=2743 speed=86 status=0
LVGL_EVENT seq=2744 speed=88 status=0
LVGL_EVENT seq=2745 speed=90 status=0
LVGL_EVENT seq=2746 speed=92 status=0
LVGL_EVENT seq=2747 speed=94 status=0
LVGL_EVENT seq=2748 speed=96 status=0
LVGL_EVENT seq=2749 speed=98 status=0
LVGL_EVENT seq=2750 speed=100 status=0
LVGL_EVENT seq=2751 speed=98 status=0
LVGL_EVENT seq=2752 speed=96 status=0
LVGL_EVENT seq=2753 speed=94 status=0
LVGL_EVENT seq=2754 speed=92 status=0
LVGL_EVENT seq=2755 speed=90 status=0
LVGL_EVENT seq=2756 speed=88 status=0
LVGL_EVENT seq=2757 speed=86 status=0
LVGL_EVENT seq=2758 speed=84 status=0
LVGL_EVENT seq=2759 speed=82 status=0
LVGL_EVENT seq=2760 speed=80 status=0
LVGL_EVENT seq=2761 speed=78 status=0
LVGL_EVENT seq=2762 speed=76 status=0
LVGL_EVENT seq=2763 speed=74 status=0
LVGL_EVENT seq=2764 speed=72 status=0
LVGL_EVENT seq=2765 speed=70 status=0
LVGL_EVENT seq=2766 speed=68 status=0
LVGL_EVENT seq=2767 speed=66 status=0
LVGL_EVENT seq=2768 speed=64 status=0
LVGL_EVENT seq=2769 speed=62 status=0
LVGL_EVENT seq=2770 speed=60 status=0
LVGL_EVENT seq=2771 speed=58 status=0
LVGL_EVENT seq=2772 speed=56 status=0
LVGL_EVENT seq=2773 speed=54 status=0
LVGL_EVENT seq=2774 speed=52 status=0
LVGL_EVENT seq=2775 speed=50 status=0
LVGL_EVENT seq=2776 speed=48 status=0
LVGL_EVENT seq=2777 speed=46 status=0
LVGL_EVENT seq=2778 speed=44 status=0
LVGL_EVENT seq=2779 speed=42 status=0
LVGL_EVENT seq=2780 speed=40 status=0
LVGL_EVENT seq=2781 speed=38 status=0
LVGL_EVENT seq=2782 speed=36 status=0
LVGL_EVENT seq=2783 speed=34 status=0
LVGL_EVENT seq=2784 speed=32 status=0
LVGL_EVENT seq=2785 speed=30 status=0
LVGL_EVENT seq=2786 speed=28 status=0
LVGL_EVENT seq=2787 speed=26 status=0
LVGL_EVENT seq=2788 speed=24 status=0
LVGL_EVENT seq=2789 speed=22 status=0
LVGL_EVENT seq=2790 speed=20 status=0
LVGL_EVENT seq=2791 speed=18 status=0
LVGL_EVENT seq=2792 speed=16 status=0
LVGL_EVENT seq=2793 speed=14 status=0
LVGL_EVENT seq=2794 speed=12 status=0
LVGL_EVENT seq=2795 speed=10 status=0
LVGL_EVENT seq=2796 speed=8 status=0
LVGL_EVENT seq=2797 speed=6 status=0
LVGL_EVENT seq=2798 speed=4 status=0
LVGL_EVENT seq=2799 speed=2 status=0
LVGL_EVENT seq=2800 speed=0 status=0
LVGL_EVENT seq=2801 speed=2 status=0
LVGL_EVENT seq=2802 speed=4 status=0
LVGL_EVENT seq=2803 speed=6 status=0
LVGL_EVENT seq=2804 speed=8 status=0
LVGL_EVENT seq=2805 speed=10 status=0
LVGL_EVENT seq=2806 speed=12 status=0
LVGL_EVENT seq=2807 speed=14 status=0
LVGL_EVENT seq=2808 speed=16 status=0
LVGL_EVENT seq=2809 speed=18 status=0
LVGL_EVENT seq=2810 speed=20 status=0
LVGL_EVENT seq=2811 speed=22 status=0
LVGL_EVENT seq=2812 speed=24 status=0
LVGL_EVENT seq=2813 speed=26 status=0
LVGL_EVENT seq=2814 speed=28 status=0
LVGL_EVENT seq=2815 speed=30 status=0
LVGL_EVENT seq=2816 speed=32 status=0
LVGL_EVENT seq=2817 speed=34 status=0
LVGL_EVENT seq=2818 speed=36 status=0
LVGL_EVENT seq=2819 speed=38 status=0
LVGL_EVENT seq=2820 speed=40 status=0
LVGL_EVENT seq=2821 speed=42 status=0
LVGL_EVENT seq=2822 speed=44 status=0
LVGL_EVENT seq=2823 speed=46 status=0
LVGL_EVENT seq=2824 speed=48 status=0
LVGL_EVENT seq=2825 speed=50 status=0
LVGL_EVENT seq=2826 speed=52 status=0
LVGL_EVENT seq=2827 speed=54 status=0
LVGL_EVENT seq=2828 speed=56 status=0
LVGL_EVENT seq=2829 speed=58 status=0
LVGL_EVENT seq=2830 speed=60 status=0
LVGL_EVENT seq=2831 speed=62 status=0
LVGL_EVENT seq=2832 speed=64 status=0
LVGL_EVENT seq=2833 speed=66 status=0
LVGL_EVENT seq=2834 speed=68 status=0
LVGL_EVENT seq=2835 speed=70 status=0
LVGL_EVENT seq=2836 speed=72 status=0
LVGL_EVENT seq=2837 speed=74 status=0
LVGL_EVENT seq=2838 speed=76 status=0
LVGL_EVENT seq=2839 speed=78 status=0
LVGL_EVENT seq=2840 speed=80 status=0
LVGL_EVENT seq=2841 speed=82 status=0
LVGL_EVENT seq=2842 speed=84 status=0
LVGL_EVENT seq=2843 speed=86 status=0
LVGL_EVENT seq=2844 speed=88 status=0
LVGL_EVENT seq=2845 speed=90 status=0
LVGL_EVENT seq=2846 speed=92 status=0
LVGL_EVENT seq=2847 speed=94 status=0
LVGL_EVENT seq=2848 speed=96 status=0
LVGL_EVENT seq=2849 speed=98 status=0
LVGL_EVENT seq=2850 speed=100 status=0
LVGL_EVENT seq=2851 speed=98 status=0
LVGL_EVENT seq=2852 speed=96 status=0
LVGL_EVENT seq=2853 speed=94 status=0
LVGL_EVENT seq=2854 speed=92 status=0
LVGL_EVENT seq=2855 speed=90 status=0
LVGL_EVENT seq=2856 speed=88 status=0
LVGL_EVENT seq=2857 speed=86 status=0
LVGL_EVENT seq=2858 speed=84 status=0
LVGL_EVENT seq=2859 speed=82 status=0
LVGL_EVENT seq=2860 speed=80 status=0
LVGL_EVENT seq=2861 speed=78 status=0
LVGL_EVENT seq=2862 speed=76 status=0
LVGL_EVENT seq=2863 speed=74 status=0
LVGL_EVENT seq=2864 speed=72 status=0
LVGL_EVENT seq=2865 speed=70 status=0
LVGL_EVENT seq=2866 speed=68 status=0
LVGL_EVENT seq=2867 speed=66 status=0
LVGL_EVENT seq=2868 speed=64 status=0
LVGL_EVENT seq=2869 speed=62 status=0
LVGL_EVENT seq=2870 speed=60 status=0
LVGL_EVENT seq=2871 speed=58 status=0
LVGL_EVENT seq=2872 speed=56 status=0
LVGL_EVENT seq=2873 speed=54 status=0
LVGL_EVENT seq=2874 speed=52 status=0
LVGL_EVENT seq=2875 speed=50 status=0
LVGL_EVENT seq=2876 speed=48 status=0
LVGL_EVENT seq=2877 speed=46 status=0
LVGL_EVENT seq=2878 speed=44 status=0
LVGL_EVENT seq=2879 speed=42 status=0
LVGL_EVENT seq=2880 speed=40 status=0
LVGL_EVENT seq=2881 speed=38 status=0
LVGL_EVENT seq=2882 speed=36 status=0
LVGL_EVENT seq=2883 speed=34 status=0
LVGL_EVENT seq=2884 speed=32 status=0
LVGL_EVENT seq=2885 speed=30 status=0
LVGL_EVENT seq=2886 speed=28 status=0
LVGL_EVENT seq=2887 speed=26 status=0
LVGL_EVENT seq=2888 speed=24 status=0
LVGL_EVENT seq=2889 speed=22 status=0
LVGL_EVENT seq=2890 speed=20 status=0
LVGL_EVENT seq=2891 speed=18 status=0
LVGL_EVENT seq=2892 speed=16 status=0
LVGL_EVENT seq=2893 speed=14 status=0
LVGL_EVENT seq=2894 speed=12 status=0
LVGL_EVENT seq=2895 speed=10 status=0
LVGL_EVENT seq=2896 speed=8 status=0
LVGL_EVENT seq=2897 speed=6 status=0
LVGL_EVENT seq=2898 speed=4 status=0
LVGL_EVENT seq=2899 speed=2 status=0
LVGL_EVENT seq=2900 speed=0 status=0
LVGL_EVENT seq=2901 speed=2 status=0
LVGL_EVENT seq=2902 speed=4 status=0
LVGL_EVENT seq=2903 speed=6 status=0
LVGL_EVENT seq=2904 speed=8 status=0
LVGL_EVENT seq=2905 speed=10 status=0
LVGL_EVENT seq=2906 speed=12 status=0
LVGL_EVENT seq=2907 speed=14 status=0
LVGL_EVENT seq=2908 speed=16 status=0
LVGL_EVENT seq=2909 speed=18 status=0
LVGL_EVENT seq=2910 speed=20 status=0
LVGL_EVENT seq=2911 speed=22 status=0
LVGL_EVENT seq=2912 speed=24 status=0
LVGL_EVENT seq=2913 speed=26 status=0
LVGL_EVENT seq=2914 speed=28 status=0
LVGL_EVENT seq=2915 speed=30 status=0
LVGL_EVENT seq=2916 speed=32 status=0
LVGL_EVENT seq=2917 speed=34 status=0
LVGL_EVENT seq=2918 speed=36 status=0
LVGL_EVENT seq=2919 speed=38 status=0
LVGL_EVENT seq=2920 speed=40 status=0
LVGL_EVENT seq=2921 speed=42 status=0
LVGL_EVENT seq=2922 speed=44 status=0
LVGL_EVENT seq=2923 speed=46 status=0
LVGL_EVENT seq=2924 speed=48 status=0
LVGL_EVENT seq=2925 speed=50 status=0
LVGL_EVENT seq=2926 speed=52 status=0
LVGL_EVENT seq=2927 speed=54 status=0
LVGL_EVENT seq=2928 speed=56 status=0
LVGL_EVENT seq=2929 speed=58 status=0
LVGL_EVENT seq=2930 speed=60 status=0
LVGL_EVENT seq=2931 speed=62 status=0
LVGL_EVENT seq=2932 speed=64 status=0
LVGL_EVENT seq=2933 speed=66 status=0
LVGL_EVENT seq=2934 speed=68 status=0
LVGL_EVENT seq=2935 speed=70 status=0
LVGL_EVENT seq=2936 speed=72 status=0
LVGL_EVENT seq=2937 speed=74 status=0
LVGL_EVENT seq=2938 speed=76 status=0
LVGL_EVENT seq=2939 speed=78 status=0
LVGL_EVENT seq=2940 speed=80 status=0
LVGL_EVENT seq=2941 speed=82 status=0
LVGL_EVENT seq=2942 speed=84 status=0
LVGL_EVENT seq=2943 speed=86 status=0
LVGL_EVENT seq=2944 speed=88 status=0
LVGL_EVENT seq=2945 speed=90 status=0
LVGL_EVENT seq=2946 speed=92 status=0
LVGL_EVENT seq=2947 speed=94 status=0
LVGL_EVENT seq=2948 speed=96 status=0
LVGL_EVENT seq=2949 speed=98 status=0
LVGL_EVENT seq=2950 speed=100 status=0
LVGL_EVENT seq=2951 speed=98 status=0
LVGL_EVENT seq=2952 speed=96 status=0
LVGL_EVENT seq=2953 speed=94 status=0
LVGL_EVENT seq=2954 speed=92 status=0
LVGL_EVENT seq=2955 speed=90 status=0
LVGL_EVENT seq=2956 speed=88 status=0
LVGL_EVENT seq=2957 speed=86 status=0
LVGL_EVENT seq=2958 speed=84 status=0
LVGL_EVENT seq=2959 speed=82 status=0
LVGL_EVENT seq=2960 speed=80 status=0
LVGL_EVENT seq=2961 speed=78 status=0
LVGL_EVENT seq=2962 speed=76 status=0
LVGL_EVENT seq=2963 speed=74 status=0
LVGL_EVENT seq=2964 speed=72 status=0
LVGL_EVENT seq=2965 speed=70 status=0
LVGL_EVENT seq=2966 speed=68 status=0
LVGL_EVENT seq=2967 speed=66 status=0
LVGL_EVENT seq=2968 speed=64 status=0
LVGL_EVENT seq=2969 speed=62 status=0
LVGL_EVENT seq=2970 speed=60 status=0
LVGL_EVENT seq=2971 speed=58 status=0
LVGL_EVENT seq=2972 speed=56 status=0
LVGL_EVENT seq=2973 speed=54 status=0
LVGL_EVENT seq=2974 speed=52 status=0
LVGL_EVENT seq=2975 speed=50 status=0
LVGL_EVENT seq=2976 speed=48 status=0
LVGL_EVENT seq=2977 speed=46 status=0
LVGL_EVENT seq=2978 speed=44 status=0
LVGL_EVENT seq=2979 speed=42 status=0
LVGL_EVENT seq=2980 speed=40 status=0
LVGL_EVENT seq=2981 speed=38 status=0
LVGL_EVENT seq=2982 speed=36 status=0
LVGL_EVENT seq=2983 speed=34 status=0
LVGL_EVENT seq=2984 speed=32 status=0
LVGL_EVENT seq=2985 speed=30 status=0
LVGL_EVENT seq=2986 speed=28 status=0
LVGL_EVENT seq=2987 speed=26 status=0
LVGL_EVENT seq=2988 speed=24 status=0
LVGL_EVENT seq=2989 speed=22 status=0
LVGL_EVENT seq=2990 speed=20 status=0
LVGL_EVENT seq=2991 speed=18 status=0
LVGL_EVENT seq=2992 speed=16 status=0
LVGL_EVENT seq=2993 speed=14 status=0
LVGL_EVENT seq=2994 speed=12 status=0
LVGL_EVENT seq=2995 speed=10 status=0
LVGL_EVENT seq=2996 speed=8 status=0
LVGL_EVENT seq=2997 speed=6 status=0
LVGL_EVENT seq=2998 speed=4 status=0
LVGL_EVENT seq=2999 speed=2 status=0
[VehicleState] Required field 'speedKph' out of range [0, 200] (got 255)
[VehicleState] Required field 'rpm' out of range [0, 8000] (got 9999)
[VehicleState] Required field 'soc' out of range [0, 100] (got 150)
[VehicleState] Optional field 'engineCoolantTemp' out of range [-50.0, 200.0] (got -999.00)
[VehicleState] Optional field 'evBatteryLevel' out of range [0.0, 100.0] (got 150.00)
LVGL_EVENT seq=3000 speed=255 status=1
[VehicleState] Required field 'speedKph' out of range [0, 200] (got 255)
[VehicleState] Required field 'rpm' out of range [0, 8000] (got 9999)
[VehicleState] Required field 'soc' out of range [0, 100] (got 150)
[VehicleState] Optional field 'engineCoolantTemp' out of range [-50.0, 200.0] (got -999.00)
[VehicleState] Optional field 'evBatteryLevel' out of range [0.0, 100.0] (got 150.00)
LVGL_EVENT seq=3001 speed=255 status=1
[VehicleState] Required field 'speedKph' out of range [0, 200] (got 255)
[VehicleState] Required field 'rpm' out of range [0, 8000] (got 9999)
[VehicleState] Required field 'soc' out of range [0, 100] (got 150)
[VehicleState] Optional field 'engineCoolantTemp' out of range [-50.0, 200.0] (got -999.00)
[VehicleState] Optional field 'evBatteryLevel' out of range [0.0, 100.0] (got 150.00)
LVGL_EVENT seq=3002 speed=255 status=1
[VehicleState] Required field 'speedKph' out of range [0, 200] (got 255)
[VehicleState] Required field 'rpm' out of range [0, 8000] (got 9999)
[VehicleState] Required field 'soc' out of range [0, 100] (got 150)
[VehicleState] Optional field 'engineCoolantTemp' out of range [-50.0, 200.0] (got -999.00)
[VehicleState] Optional field 'evBatteryLevel' out of range [0.0, 100.0] (got 150.00)
LVGL_EVENT seq=3003 speed=255 status=1
[VehicleState] Required field 'speedKph' out of range [0, 200] (got 255)
[VehicleState] Required field 'rpm' out of range [0, 8000] (got 9999)
[VehicleState] Required field 'soc' out of range [0, 100] (got 150)
[VehicleState] Optional field 'engineCoolantTemp' out of range [-50.0, 200.0] (got -999.00)
[VehicleState] Optional field 'evBatteryLevel' out of range [0.0, 100.0] (got 150.00)
LVGL_EVENT seq=3004 speed=255 status=1
[VehicleState] Required field 'speedKph' out of range [0, 200] (got 255)
[VehicleState] Required field 'rpm' out of range [0, 8000] (got 9999)
[VehicleState] Required field 'soc' out of range [0, 100] (got 150)
[VehicleState] Optional field 'engineCoolantTemp' out of range [-50.0, 200.0] (got -999.00)
[VehicleState] Optional field 'evBatteryLevel' out of range [0.0, 100.0] (got 150.00)
LVGL_EVENT seq=3005 speed=255 status=1
[VehicleState] Required field 'speedKph' out of range [0, 200] (got 255)
[VehicleState] Required field 'rpm' out of range [0, 8000] (got 9999)
[VehicleState] Required field 'soc' out of range [0, 100] (got 150)
[VehicleState] Optional field 'engineCoolantTemp' out of range [-50.0, 200.0] (got -999.00)
[VehicleState] Optional field 'evBatteryLevel' out of range [0.0, 100.0] (got 150.00)
LVGL_EVENT seq=3006 speed=255 status=1
[VehicleState] Required field 'speedKph' out of range [0, 200] (got 255)
[VehicleState] Required field 'rpm' out of range [0, 8000] (got 9999)
[VehicleState] Required field 'soc' out of range [0, 100] (got 150)
[VehicleState] Optional field 'engineCoolantTemp' out of range [-50.0, 200.0] (got -999.00)
[VehicleState] Optional field 'evBatteryLevel' out of range [0.0, 100.0] (got 150.00)
LVGL_EVENT seq=3007 speed=255 status=1
[VehicleState] Required field 'speedKph' out of range [0, 200] (got 255)
[VehicleState] Required field 'rpm' out of range [0, 8000] (got 9999)
[VehicleState] Required field 'soc' out of range [0, 100] (got 150)
[VehicleState] Optional field 'engineCoolantTemp' out of range [-50.0, 200.0] (got -999.00)
[VehicleState] Optional field 'evBatteryLevel' out of range [0.0, 100.0] (got 150.00)
LVGL_EVENT seq=3008 speed=255 status=1
[VehicleState] Required field 'speedKph' out of range [0, 200] (got 255)
[VehicleState] Required field 'rpm' out of range [0, 8000] (got 9999)
[VehicleState] Required field 'soc' out of range [0, 100] (got 150)
[VehicleState] Optional field 'engineCoolantTemp' out of range [-50.0, 200.0] (got -999.00)
[VehicleState] Optional field 'evBatteryLevel' out of range [0.0, 100.0] (got 150.00)
LVGL_EVENT seq=3009 speed=255 status=1
[VehicleState] Required field 'speedKph' out of range [0, 200] (got 255)
[VehicleState] Required field 'rpm' out of range [0, 8000] (got 9999)
[VehicleState] Required field 'soc' out of range [0, 100] (got 150)
[VehicleState] Optional field 'engineCoolantTemp' out of range [-50.0, 200.0] (got -999.00)
[VehicleState] Optional field 'evBatteryLevel' out of range [0.0, 100.0] (got 150.00)
LVGL_EVENT seq=3010 speed=255 status=1
[VehicleState] Required field 'speedKph' out of range [0, 200] (got 255)
[VehicleState] Required field 'rpm' out of range [0, 8000] (got 9999)
[VehicleState] Required field 'soc' out of range [0, 100] (got 150)
[VehicleState] Optional field 'engineCoolantTemp' out of range [-50.0, 200.0] (got -999.00)
[VehicleState] Optional field 'evBatteryLevel' out of range [0.0, 100.0] (got 150.00)
LVGL_EVENT seq=3011 speed=255 status=1
[VehicleState] Required field 'speedKph' out of range [0, 200] (got 255)
[VehicleState] Required field 'rpm' out of range [0, 8000] (got 9999)
[VehicleState] Required field 'soc' out of range [0, 100] (got 150)
[VehicleState] Optional field 'engineCoolantTemp' out of range [-50.0, 200.0] (got -999.00)
[VehicleState] Optional field 'evBatteryLevel' out of range [0.0, 100.0] (got 150.00)
LVGL_EVENT seq=3012 speed=255 status=1
[VehicleState] Required field 'speedKph' out of range [0, 200] (got 255)
[VehicleState] Required field 'rpm' out of range [0, 8000] (got 9999)
[VehicleState] Required field 'soc' out of range [0, 100] (got 150)
[VehicleState] Optional field 'engineCoolantTemp' out of range [-50.0, 200.0] (got -999.00)
[VehicleState] Optional field 'evBatteryLevel' out of range [0.0, 100.0] (got 150.00)
LVGL_EVENT seq=3013 speed=255 status=1
[VehicleState] Required field 'speedKph' out of range [0, 200] (got 255)
[VehicleState] Required field 'rpm' out of range [0, 8000] (got 9999)
[VehicleState] Required field 'soc' out of range [0, 100] (got 150)
[VehicleState] Optional field 'engineCoolantTemp' out of range [-50.0, 200.0] (got -999.00)
[VehicleState] Optional field 'evBatteryLevel' out of range [0.0, 100.0] (got 150.00)
LVGL_EVENT seq=3014 speed=255 status=1
[VehicleState] Required field 'speedKph' out of range [0, 200] (got 255)
[VehicleState] Required field 'rpm' out of range [0, 8000] (got 9999)
[VehicleState] Required field 'soc' out of range [0, 100] (got 150)
[VehicleState] Optional field 'engineCoolantTemp' out of range [-50.0, 200.0] (got -999.00)
[VehicleState] Optional field 'evBatteryLevel' out of range [0.0, 100.0] (got 150.00)
LVGL_EVENT seq=3015 speed=255 status=1
[VehicleState] Required field 'speedKph' out of range [0, 200] (got 255)
[VehicleState] Required field 'rpm' out of range [0, 8000] (got 9999)
[VehicleState] Required field 'soc' out of range [0, 100] (got 150)
[VehicleState] Optional field 'engineCoolantTemp' out of range [-50.0, 200.0] (got -999.00)
[VehicleState] Optional field 'evBatteryLevel' out of range [0.0, 100.0] (got 150.00)
LVGL_EVENT seq=3016 speed=255 status=1
[VehicleState] Required field 'speedKph' out of range [0, 200] (got 255)
[VehicleState] Required field 'rpm' out of range [0, 8000] (got 9999)
[VehicleState] Required field 'soc' out of range [0, 100] (got 150)
[VehicleState] Optional field 'engineCoolantTemp' out of range [-50.0, 200.0] (got -999.00)
[VehicleState] Optional field 'evBatteryLevel' out of range [0.0, 100.0] (got 150.00)
LVGL_EVENT seq=3017 speed=255 status=1
[VehicleState] Required field 'speedKph' out of range [0, 200] (got 255)
[VehicleState] Required field 'rpm' out of range [0, 8000] (got 9999)
[VehicleState] Required field 'soc' out of range [0, 100] (got 150)
[VehicleState] Optional field 'engineCoolantTemp' out of range [-50.0, 200.0] (got -999.00)
[VehicleState] Optional field 'evBatteryLevel' out of range [0.0, 100.0] (got 150.00)
LVGL_EVENT seq=3018 speed=255 status=1
[VehicleState] Required field 'speedKph' out of range [0, 200] (got 255)
[VehicleState] Required field 'rpm' out of range [0, 8000] (got 9999)
[VehicleState] Required field 'soc' out of range [0, 100] (got 150)
[VehicleState] Optional field 'engineCoolantTemp' out of range [-50.0, 200.0] (got -999.00)
[VehicleState] Optional field 'evBatteryLevel' out of range [0.0, 100.0] (got 150.00)
LVGL_EVENT seq=3019 speed=255 status=1
[VehicleState] Required field 'speedKph' out of range [0, 200] (got 255)
[VehicleState] Required field 'rpm' out of range [0, 8000] (got 9999)
[VehicleState] Required field 'soc' out of range [0, 100] (got 150)
[VehicleState] Optional field 'engineCoolantTemp' out of range [-50.0, 200.0] (got -999.00)
[VehicleState] Optional field 'evBatteryLevel' out of range [0.0, 100.0] (got 150.00)
LVGL_EVENT seq=3020 speed=255 status=1
[VehicleState] Required field 'speedKph' out of range [0, 200] (got 255)
[VehicleState] Required field 'rpm' out of range [0, 8000] (got 9999)
[VehicleState] Required field 'soc' out of range [0, 100] (got 150)
[VehicleState] Optional field 'engineCoolantTemp' out of range [-50.0, 200.0] (got -999.00)
[VehicleState] Optional field 'evBatteryLevel' out of range [0.0, 100.0] (got 150.00)
LVGL_EVENT seq=3021 speed=255 status=1
[VehicleState] Required field 'speedKph' out of range [0, 200] (got 255)
[VehicleState] Required field 'rpm' out of range [0, 8000] (got 9999)
[VehicleState] Required field 'soc' out of range [0, 100] (got 150)
[VehicleState] Optional field 'engineCoolantTemp' out of range [-50.0, 200.0] (got -999.00)
[VehicleState] Optional field 'evBatteryLevel' out of range [0.0, 100.0] (got 150.00)
LVGL_EVENT seq=3022 speed=255 status=1
[VehicleState] Required field 'speedKph' out of range [0, 200] (got 255)
[VehicleState] Required field 'rpm' out of range [0, 8000] (got 9999)
[VehicleState] Required field 'soc' out of range [0, 100] (got 150)
[VehicleState] Optional field 'engineCoolantTemp' out of range [-50.0, 200.0] (got -999.00)
[VehicleState] Optional field 'evBatteryLevel' out of range [0.0, 100.0] (got 150.00)
LVGL_EVENT seq=3023 speed=255 status=1
[VehicleState] Required field 'speedKph' out of range [0, 200] (got 255)
[VehicleState] Required field 'rpm' out of range [0, 8000] (got 9999)
[VehicleState] Required field 'soc' out of range [0, 100] (got 150)
[VehicleState] Optional field 'engineCoolantTemp' out of range [-50.0, 200.0] (got -999.00)
[VehicleState] Optional field 'evBatteryLevel' out of range [0.0, 100.0] (got 150.00)
LVGL_EVENT seq=3024 speed=255 status=1
[VehicleState] Required field 'speedKph' out of range [0, 200] (got 255)
[VehicleState] Required field 'rpm' out of range [0, 8000] (got 9999)
[VehicleState] Required field 'soc' out of range [0, 100] (got 150)
[VehicleState] Optional field 'engineCoolantTemp' out of range [-50.0, 200.0] (got -999.00)
[VehicleState] Optional field 'evBatteryLevel' out of range [0.0, 100.0] (got 150.00)
LVGL_EVENT seq=3025 speed=255 status=1
[VehicleState] Required field 'speedKph' out of range [0, 200] (got 255)
[VehicleState] Required field 'rpm' out of range [0, 8000] (got 9999)
[VehicleState] Required field 'soc' out of range [0, 100] (got 150)
[VehicleState] Optional field 'engineCoolantTemp' out of range [-50.0, 200.0] (got -999.00)
[VehicleState] Optional field 'evBatteryLevel' out of range [0.0, 100.0] (got 150.00)
LVGL_EVENT seq=3026 speed=255 status=1
[VehicleState] Required field 'speedKph' out of range [0, 200] (got 255)
[VehicleState] Required field 'rpm' out of range [0, 8000] (got 9999)
[VehicleState] Required field 'soc' out of range [0, 100] (got 150)
[VehicleState] Optional field 'engineCoolantTemp' out of range [-50.0, 200.0] (got -999.00)
[VehicleState] Optional field 'evBatteryLevel' out of range [0.0, 100.0] (got 150.00)
LVGL_EVENT seq=3027 speed=255 status=1
[VehicleState] Required field 'speedKph' out of range [0, 200] (got 255)
[VehicleState] Required field 'rpm' out of range [0, 8000] (got 9999)
[VehicleState] Required field 'soc' out of range [0, 100] (got 150)
[VehicleState] Optional field 'engineCoolantTemp' out of range [-50.0, 200.0] (got -999.00)
[VehicleState] Optional field 'evBatteryLevel' out of range [0.0, 100.0] (got 150.00)
LVGL_EVENT seq=3028 speed=255 status=1
[VehicleState] Required field 'speedKph' out of range [0, 200] (got 255)
[VehicleState] Required field 'rpm' out of range [0, 8000] (got 9999)
[VehicleState] Required field 'soc' out of range [0, 100] (got 150)
[VehicleState] Optional field 'engineCoolantTemp' out of range [-50.0, 200.0] (got -999.00)
[VehicleState] Optional field 'evBatteryLevel' out of range [0.0, 100.0] (got 150.00)
LVGL_EVENT seq=3029 speed=255 status=1
[VehicleState] Required field 'speedKph' out of range [0, 200] (got 255)
[VehicleState] Required field 'rpm' out of range [0, 8000] (got 9999)
[VehicleState] Required field 'soc' out of range [0, 100] (got 150)
[VehicleState] Optional field 'engineCoolantTemp' out of range [-50.0, 200.0] (got -999.00)
[VehicleState] Optional field 'evBatteryLevel' out of range [0.0, 100.0] (got 150.00)
LVGL_EVENT seq=3030 speed=255 status=1
[VehicleState] Required field 'speedKph' out of range [0, 200] (got 255)
[VehicleState] Required field 'rpm' out of range [0, 8000] (got 9999)
[VehicleState] Required field 'soc' out of range [0, 100] (got 150)
[VehicleState] Optional field 'engineCoolantTemp' out of range [-50.0, 200.0] (got -999.00)
[VehicleState] Optional field 'evBatteryLevel' out of range [0.0, 100.0] (got 150.00)
LVGL_EVENT seq=3031 speed=255 status=1
[VehicleState] Required field 'speedKph' out of range [0, 200] (got 255)
[VehicleState] Required field 'rpm' out of range [0, 8000] (got 9999)
[VehicleState] Required field 'soc' out of range [0, 100] (got 150)
[VehicleState] Optional field 'engineCoolantTemp' out of range [-50.0, 200.0] (got -999.00)
[VehicleState] Optional field 'evBatteryLevel' out of range [0.0, 100.0] (got 150.00)
LVGL_EVENT seq=3032 speed=255 status=1
[VehicleState] Required field 'speedKph' out of range [0, 200] (got 255)
[VehicleState] Required field 'rpm' out of range [0, 8000] (got 9999)
[VehicleState] Required field 'soc' out of range [0, 100] (got 150)
[VehicleState] Optional field 'engineCoolantTemp' out of range [-50.0, 200.0] (got -999.00)
[VehicleState] Optional field 'evBatteryLevel' out of range [0.0, 100.0] (got 150.00)
LVGL_EVENT seq=3033 speed=255 status=1
[VehicleState] Required field 'speedKph' out of range [0, 200] (got 255)
[VehicleState] Required field 'rpm' out of range [0, 8000] (got 9999)
[VehicleState] Required field 'soc' out of range [0, 100] (got 150)
[VehicleState] Optional field 'engineCoolantTemp' out of range [-50.0, 200.0] (got -999.00)
[VehicleState] Optional field 'evBatteryLevel' out of range [0.0, 100.0] (got 150.00)
LVGL_EVENT seq=3034 speed=255 status=1
[VehicleState] Required field 'speedKph' out of range [0, 200] (got 255)
[VehicleState] Required field 'rpm' out of range [0, 8000] (got 9999)
[VehicleState] Required field 'soc' out of range [0, 100] (got 150)
[VehicleState] Optional field 'engineCoolantTemp' out of range [-50.0, 200.0] (got -999.00)
[VehicleState] Optional field 'evBatteryLevel' out of range [0.0, 100.0] (got 150.00)
LVGL_EVENT seq=3035 speed=255 status=1
[VehicleState] Required field 'speedKph' out of range [0, 200] (got 255)
[VehicleState] Required field 'rpm' out of range [0, 8000] (got 9999)
[VehicleState] Required field 'soc' out of range [0, 100] (got 150)
[VehicleState] Optional field 'engineCoolantTemp' out of range [-50.0, 200.0] (got -999.00)
[VehicleState] Optional field 'evBatteryLevel' out of range [0.0, 100.0] (got 150.00)
LVGL_EVENT seq=3036 speed=255 status=1
[VehicleState] Required field 'speedKph' out of range [0, 200] (got 255)
[VehicleState] Required field 'rpm' out of range [0, 8000] (got 9999)
[VehicleState] Required field 'soc' out of range [0, 100] (got 150)
[VehicleState] Optional field 'engineCoolantTemp' out of range [-50.0, 200.0] (got -999.00)
[VehicleState] Optional field 'evBatteryLevel' out of range [0.0, 100.0] (got 150.00)
LVGL_EVENT seq=3037 speed=255 status=1
[VehicleState] Required field 'speedKph' out of range [0, 200] (got 255)
[VehicleState] Required field 'rpm' out of range [0, 8000] (got 9999)
[VehicleState] Required field 'soc' out of range [0, 100] (got 150)
[VehicleState] Optional field 'engineCoolantTemp' out of range [-50.0, 200.0] (got -999.00)
[VehicleState] Optional field 'evBatteryLevel' out of range [0.0, 100.0] (got 150.00)
LVGL_EVENT seq=3038 speed=255 status=1
[VehicleState] Required field 'speedKph' out of range [0, 200] (got 255)
[VehicleState] Required field 'rpm' out of range [0, 8000] (got 9999)
[VehicleState] Required field 'soc' out of range [0, 100] (got 150)
[VehicleState] Optional field 'engineCoolantTemp' out of range [-50.0, 200.0] (got -999.00)
[VehicleState] Optional field 'evBatteryLevel' out of range [0.0, 100.0] (got 150.00)
LVGL_EVENT seq=3039 speed=255 status=1
[VehicleState] Required field 'speedKph' out of range [0, 200] (got 255)
[VehicleState] Required field 'rpm' out of range [0, 8000] (got 9999)
[VehicleState] Required field 'soc' out of range [0, 100] (got 150)
[VehicleState] Optional field 'engineCoolantTemp' out of range [-50.0, 200.0] (got -999.00)
[VehicleState] Optional field 'evBatteryLevel' out of range [0.0, 100.0] (got 150.00)
LVGL_EVENT seq=3040 speed=255 status=1
[VehicleState] Required field 'speedKph' out of range [0, 200] (got 255)
[VehicleState] Required field 'rpm' out of range [0, 8000] (got 9999)
[VehicleState] Required field 'soc' out of range [0, 100] (got 150)
[VehicleState] Optional field 'engineCoolantTemp' out of range [-50.0, 200.0] (got -999.00)
[VehicleState] Optional field 'evBatteryLevel' out of range [0.0, 100.0] (got 150.00)
LVGL_EVENT seq=3041 speed=255 status=1
[VehicleState] Required field 'speedKph' out of range [0, 200] (got 255)
[VehicleState] Required field 'rpm' out of range [0, 8000] (got 9999)
[VehicleState] Required field 'soc' out of range [0, 100] (got 150)
[VehicleState] Optional field 'engineCoolantTemp' out of range [-50.0, 200.0] (got -999.00)
[VehicleState] Optional field 'evBatteryLevel' out of range [0.0, 100.0] (got 150.00)
LVGL_EVENT seq=3042 speed=255 status=1
[VehicleState] Required field 'speedKph' out of range [0, 200] (got 255)
[VehicleState] Required field 'rpm' out of range [0, 8000] (got 9999)
[VehicleState] Required field 'soc' out of range [0, 100] (got 150)
[VehicleState] Optional field 'engineCoolantTemp' out of range [-50.0, 200.0] (got -999.00)
[VehicleState] Optional field 'evBatteryLevel' out of range [0.0, 100.0] (got 150.00)
LVGL_EVENT seq=3043 speed=255 status=1
[VehicleState] Required field 'speedKph' out of range [0, 200] (got 255)
[VehicleState] Required field 'rpm' out of range [0, 8000] (got 9999)
[VehicleState] Required field 'soc' out of range [0, 100] (got 150)
[VehicleState] Optional field 'engineCoolantTemp' out of range [-50.0, 200.0] (got -999.00)
[VehicleState] Optional field 'evBatteryLevel' out of range [0.0, 100.0] (got 150.00)
LVGL_EVENT seq=3044 speed=255 status=1
[VehicleState] Required field 'speedKph' out of range [0, 200] (got 255)
[VehicleState] Required field 'rpm' out of range [0, 8000] (got 9999)
[VehicleState] Required field 'soc' out of range [0, 100] (got 150)
[VehicleState] Optional field 'engineCoolantTemp' out of range [-50.0, 200.0] (got -999.00)
[VehicleState] Optional field 'evBatteryLevel' out of range [0.0, 100.0] (got 150.00)
LVGL_EVENT seq=3045 speed=255 status=1
[VehicleState] Required field 'speedKph' out of range [0, 200] (got 255)
[VehicleState] Required field 'rpm' out of range [0, 8000] (got 9999)
[VehicleState] Required field 'soc' out of range [0, 100] (got 150)
[VehicleState] Optional field 'engineCoolantTemp' out of range [-50.0, 200.0] (got -999.00)
[VehicleState] Optional field 'evBatteryLevel' out of range [0.0, 100.0] (got 150.00)
LVGL_EVENT seq=3046 speed=255 status=1
[VehicleState] Required field 'speedKph' out of range [0, 200] (got 255)
[VehicleState] Required field 'rpm' out of range [0, 8000] (got 9999)
[VehicleState] Required field 'soc' out of range [0, 100] (got 150)
[VehicleState] Optional field 'engineCoolantTemp' out of range [-50.0, 200.0] (got -999.00)
[VehicleState] Optional field 'evBatteryLevel' out of range [0.0, 100.0] (got 150.00)
LVGL_EVENT seq=3047 speed=255 status=1
[VehicleState] Required field 'speedKph' out of range [0, 200] (got 255)
[VehicleState] Required field 'rpm' out of range [0, 8000] (got 9999)
[VehicleState] Required field 'soc' out of range [0, 100] (got 150)
[VehicleState] Optional field 'engineCoolantTemp' out of range [-50.0, 200.0] (got -999.00)
[VehicleState] Optional field 'evBatteryLevel' out of range [0.0, 100.0] (got 150.00)
LVGL_EVENT seq=3048 speed=255 status=1
[VehicleState] Required field 'speedKph' out of range [0, 200] (got 255)
[VehicleState] Required field 'rpm' out of range [0, 8000] (got 9999)
[VehicleState] Required field 'soc' out of range [0, 100] (got 150)
[VehicleState] Optional field 'engineCoolantTemp' out of range [-50.0, 200.0] (got -999.00)
[VehicleState] Optional field 'evBatteryLevel' out of range [0.0, 100.0] (got 150.00)
LVGL_EVENT seq=3049 speed=255 status=1
[VehicleState] Required field 'speedKph' out of range [0, 200] (got 255)
[VehicleState] Required field 'rpm' out of range [0, 8000] (got 9999)
[VehicleState] Required field 'soc' out of range [0, 100] (got 150)
[VehicleState] Optional field 'engineCoolantTemp' out of range [-50.0, 200.0] (got -999.00)
[VehicleState] Optional field 'evBatteryLevel' out of range [0.0, 100.0] (got 150.00)
LVGL_EVENT seq=3050 speed=255 status=1
[VehicleState] Required field 'speedKph' out of range [0, 200] (got 255)
[VehicleState] Required field 'rpm' out of range [0, 8000] (got 9999)
[VehicleState] Required field 'soc' out of range [0, 100] (got 150)
[VehicleState] Optional field 'engineCoolantTemp' out of range [-50.0, 200.0] (got -999.00)
[VehicleState] Optional field 'evBatteryLevel' out of range [0.0, 100.0] (got 150.00)
LVGL_EVENT seq=3051 speed=255 status=1
[VehicleState] Required field 'speedKph' out of range [0, 200] (got 255)
[VehicleState] Required field 'rpm' out of range [0, 8000] (got 9999)
[VehicleState] Required field 'soc' out of range [0, 100] (got 150)
[VehicleState] Optional field 'engineCoolantTemp' out of range [-50.0, 200.0] (got -999.00)
[VehicleState] Optional field 'evBatteryLevel' out of range [0.0, 100.0] (got 150.00)
LVGL_EVENT seq=3052 speed=255 status=1
[VehicleState] Required field 'speedKph' out of range [0, 200] (got 255)
[VehicleState] Required field 'rpm' out of range [0, 8000] (got 9999)
[VehicleState] Required field 'soc' out of range [0, 100] (got 150)
[VehicleState] Optional field 'engineCoolantTemp' out of range [-50.0, 200.0] (got -999.00)
[VehicleState] Optional field 'evBatteryLevel' out of range [0.0, 100.0] (got 150.00)
LVGL_EVENT seq=3053 speed=255 status=1
[VehicleState] Required field 'speedKph' out of range [0, 200] (got 255)
[VehicleState] Required field 'rpm' out of range [0, 8000] (got 9999)
[VehicleState] Required field 'soc' out of range [0, 100] (got 150)
[VehicleState] Optional field 'engineCoolantTemp' out of range [-50.0, 200.0] (got -999.00)
[VehicleState] Optional field 'evBatteryLevel' out of range [0.0, 100.0] (got 150.00)
LVGL_EVENT seq=3054 speed=255 status=1
[VehicleState] Required field 'speedKph' out of range [0, 200] (got 255)
[VehicleState] Required field 'rpm' out of range [0, 8000] (got 9999)
[VehicleState] Required field 'soc' out of range [0, 100] (got 150)
[VehicleState] Optional field 'engineCoolantTemp' out of range [-50.0, 200.0] (got -999.00)
[VehicleState] Optional field 'evBatteryLevel' out of range [0.0, 100.0] (got 150.00)
LVGL_EVENT seq=3055 speed=255 status=1
[VehicleState] Required field 'speedKph' out of range [0, 200] (got 255)
[VehicleState] Required field 'rpm' out of range [0, 8000] (got 9999)
[VehicleState] Required field 'soc' out of range [0, 100] (got 150)
[VehicleState] Optional field 'engineCoolantTemp' out of range [-50.0, 200.0] (got -999.00)
[VehicleState] Optional field 'evBatteryLevel' out of range [0.0, 100.0] (got 150.00)
LVGL_EVENT seq=3056 speed=255 status=1
[VehicleState] Required field 'speedKph' out of range [0, 200] (got 255)
[VehicleState] Required field 'rpm' out of range [0, 8000] (got 9999)
[VehicleState] Required field 'soc' out of range [0, 100] (got 150)
[VehicleState] Optional field 'engineCoolantTemp' out of range [-50.0, 200.0] (got -999.00)
[VehicleState] Optional field 'evBatteryLevel' out of range [0.0, 100.0] (got 150.00)
LVGL_EVENT seq=3057 speed=255 status=1
[VehicleState] Required field 'speedKph' out of range [0, 200] (got 255)
[VehicleState] Required field 'rpm' out of range [0, 8000] (got 9999)
[VehicleState] Required field 'soc' out of range [0, 100] (got 150)
[VehicleState] Optional field 'engineCoolantTemp' out of range [-50.0, 200.0] (got -999.00)
[VehicleState] Optional field 'evBatteryLevel' out of range [0.0, 100.0] (got 150.00)
LVGL_EVENT seq=3058 speed=255 status=1
[VehicleState] Required field 'speedKph' out of range [0, 200] (got 255)
[VehicleState] Required field 'rpm' out of range [0, 8000] (got 9999)
[VehicleState] Required field 'soc' out of range [0, 100] (got 150)
[VehicleState] Optional field 'engineCoolantTemp' out of range [-50.0, 200.0] (got -999.00)
[VehicleState] Optional field 'evBatteryLevel' out of range [0.0, 100.0] (got 150.00)
LVGL_EVENT seq=3059 speed=255 status=1
[VehicleState] Required field 'speedKph' out of range [0, 200] (got 255)
[VehicleState] Required field 'rpm' out of range [0, 8000] (got 9999)
[VehicleState] Required field 'soc' out of range [0, 100] (got 150)
[VehicleState] Optional field 'engineCoolantTemp' out of range [-50.0, 200.0] (got -999.00)
[VehicleState] Optional field 'evBatteryLevel' out of range [0.0, 100.0] (got 150.00)
LVGL_EVENT seq=3060 speed=255 status=1
[VehicleState] Required field 'speedKph' out of range [0, 200] (got 255)
[VehicleState] Required field 'rpm' out of range [0, 8000] (got 9999)
[VehicleState] Required field 'soc' out of range [0, 100] (got 150)
[VehicleState] Optional field 'engineCoolantTemp' out of range [-50.0, 200.0] (got -999.00)
[VehicleState] Optional field 'evBatteryLevel' out of range [0.0, 100.0] (got 150.00)
LVGL_EVENT seq=3061 speed=255 status=1
[VehicleState] Required field 'speedKph' out of range [0, 200] (got 255)
[VehicleState] Required field 'rpm' out of range [0, 8000] (got 9999)
[VehicleState] Required field 'soc' out of range [0, 100] (got 150)
[VehicleState] Optional field 'engineCoolantTemp' out of range [-50.0, 200.0] (got -999.00)
[VehicleState] Optional field 'evBatteryLevel' out of range [0.0, 100.0] (got 150.00)
LVGL_EVENT seq=3062 speed=255 status=1
[VehicleState] Required field 'speedKph' out of range [0, 200] (got 255)
[VehicleState] Required field 'rpm' out of range [0, 8000] (got 9999)
[VehicleState] Required field 'soc' out of range [0, 100] (got 150)
[VehicleState] Optional field 'engineCoolantTemp' out of range [-50.0, 200.0] (got -999.00)
[VehicleState] Optional field 'evBatteryLevel' out of range [0.0, 100.0] (got 150.00)
LVGL_EVENT seq=3063 speed=255 status=1
[VehicleState] Required field 'speedKph' out of range [0, 200] (got 255)
[VehicleState] Required field 'rpm' out of range [0, 8000] (got 9999)
[VehicleState] Required field 'soc' out of range [0, 100] (got 150)
[VehicleState] Optional field 'engineCoolantTemp' out of range [-50.0, 200.0] (got -999.00)
[VehicleState] Optional field 'evBatteryLevel' out of range [0.0, 100.0] (got 150.00)
LVGL_EVENT seq=3064 speed=255 status=1
[VehicleState] Required field 'speedKph' out of range [0, 200] (got 255)
[VehicleState] Required field 'rpm' out of range [0, 8000] (got 9999)
[VehicleState] Required field 'soc' out of range [0, 100] (got 150)
[VehicleState] Optional field 'engineCoolantTemp' out of range [-50.0, 200.0] (got -999.00)
[VehicleState] Optional field 'evBatteryLevel' out of range [0.0, 100.0] (got 150.00)
LVGL_EVENT seq=3065 speed=255 status=1
[VehicleState] Required field 'speedKph' out of range [0, 200] (got 255)
[VehicleState] Required field 'rpm' out of range [0, 8000] (got 9999)
[VehicleState] Required field 'soc' out of range [0, 100] (got 150)
[VehicleState] Optional field 'engineCoolantTemp' out of range [-50.0, 200.0] (got -999.00)
[VehicleState] Optional field 'evBatteryLevel' out of range [0.0, 100.0] (got 150.00)
LVGL_EVENT seq=3066 speed=255 status=1
[VehicleState] Required field 'speedKph' out of range [0, 200] (got 255)
[VehicleState] Required field 'rpm' out of range [0, 8000] (got 9999)
[VehicleState] Required field 'soc' out of range [0, 100] (got 150)
[VehicleState] Optional field 'engineCoolantTemp' out of range [-50.0, 200.0] (got -999.00)
[VehicleState] Optional field 'evBatteryLevel' out of range [0.0, 100.0] (got 150.00)
LVGL_EVENT seq=3067 speed=255 status=1
[VehicleState] Required field 'speedKph' out of range [0, 200] (got 255)
[VehicleState] Required field 'rpm' out of range [0, 8000] (got 9999)
[VehicleState] Required field 'soc' out of range [0, 100] (got 150)
[VehicleState] Optional field 'engineCoolantTemp' out of range [-50.0, 200.0] (got -999.00)
[VehicleState] Optional field 'evBatteryLevel' out of range [0.0, 100.0] (got 150.00)
LVGL_EVENT seq=3068 speed=255 status=1
[VehicleState] Required field 'speedKph' out of range [0, 200] (got 255)
[VehicleState] Required field 'rpm' out of range [0, 8000] (got 9999)
[VehicleState] Required field 'soc' out of range [0, 100] (got 150)
[VehicleState] Optional field 'engineCoolantTemp' out of range [-50.0, 200.0] (got -999.00)
[VehicleState] Optional field 'evBatteryLevel' out of range [0.0, 100.0] (got 150.00)
LVGL_EVENT seq=3069 speed=255 status=1
[VehicleState] Required field 'speedKph' out of range [0, 200] (got 255)
[VehicleState] Required field 'rpm' out of range [0, 8000] (got 9999)
[VehicleState] Required field 'soc' out of range [0, 100] (got 150)
[VehicleState] Optional field 'engineCoolantTemp' out of range [-50.0, 200.0] (got -999.00)
[VehicleState] Optional field 'evBatteryLevel' out of range [0.0, 100.0] (got 150.00)
LVGL_EVENT seq=3070 speed=255 status=1
[VehicleState] Required field 'speedKph' out of range [0, 200] (got 255)
[VehicleState] Required field 'rpm' out of range [0, 8000] (got 9999)
[VehicleState] Required field 'soc' out of range [0, 100] (got 150)
[VehicleState] Optional field 'engineCoolantTemp' out of range [-50.0, 200.0] (got -999.00)
[VehicleState] Optional field 'evBatteryLevel' out of range [0.0, 100.0] (got 150.00)
LVGL_EVENT seq=3071 speed=255 status=1
[VehicleState] Required field 'speedKph' out of range [0, 200] (got 255)
[VehicleState] Required field 'rpm' out of range [0, 8000] (got 9999)
[VehicleState] Required field 'soc' out of range [0, 100] (got 150)
[VehicleState] Optional field 'engineCoolantTemp' out of range [-50.0, 200.0] (got -999.00)
[VehicleState] Optional field 'evBatteryLevel' out of range [0.0, 100.0] (got 150.00)
LVGL_EVENT seq=3072 speed=255 status=1
[VehicleState] Required field 'speedKph' out of range [0, 200] (got 255)
[VehicleState] Required field 'rpm' out of range [0, 8000] (got 9999)
[VehicleState] Required field 'soc' out of range [0, 100] (got 150)
[VehicleState] Optional field 'engineCoolantTemp' out of range [-50.0, 200.0] (got -999.00)
[VehicleState] Optional field 'evBatteryLevel' out of range [0.0, 100.0] (got 150.00)
LVGL_EVENT seq=3073 speed=255 status=1
[VehicleState] Required field 'speedKph' out of range [0, 200] (got 255)
[VehicleState] Required field 'rpm' out of range [0, 8000] (got 9999)
[VehicleState] Required field 'soc' out of range [0, 100] (got 150)
[VehicleState] Optional field 'engineCoolantTemp' out of range [-50.0, 200.0] (got -999.00)
[VehicleState] Optional field 'evBatteryLevel' out of range [0.0, 100.0] (got 150.00)
LVGL_EVENT seq=3074 speed=255 status=1
[VehicleState] Required field 'speedKph' out of range [0, 200] (got 255)
[VehicleState] Required field 'rpm' out of range [0, 8000] (got 9999)
[VehicleState] Required field 'soc' out of range [0, 100] (got 150)
[VehicleState] Optional field 'engineCoolantTemp' out of range [-50.0, 200.0] (got -999.00)
[VehicleState] Optional field 'evBatteryLevel' out of range [0.0, 100.0] (got 150.00)
LVGL_EVENT seq=3075 speed=255 status=1
[VehicleState] Required field 'speedKph' out of range [0, 200] (got 255)
[VehicleState] Required field 'rpm' out of range [0, 8000] (got 9999)
[VehicleState] Required field 'soc' out of range [0, 100] (got 150)
[VehicleState] Optional field 'engineCoolantTemp' out of range [-50.0, 200.0] (got -999.00)
[VehicleState] Optional field 'evBatteryLevel' out of range [0.0, 100.0] (got 150.00)
LVGL_EVENT seq=3076 speed=255 status=1
[VehicleState] Required field 'speedKph' out of range [0, 200] (got 255)
[VehicleState] Required field 'rpm' out of range [0, 8000] (got 9999)
[VehicleState] Required field 'soc' out of range [0, 100] (got 150)
[VehicleState] Optional field 'engineCoolantTemp' out of range [-50.0, 200.0] (got -999.00)
[VehicleState] Optional field 'evBatteryLevel' out of range [0.0, 100.0] (got 150.00)
LVGL_EVENT seq=3077 speed=255 status=1
[VehicleState] Required field 'speedKph' out of range [0, 200] (got 255)
[VehicleState] Required field 'rpm' out of range [0, 8000] (got 9999)
[VehicleState] Required field 'soc' out of range [0, 100] (got 150)
[VehicleState] Optional field 'engineCoolantTemp' out of range [-50.0, 200.0] (got -999.00)
[VehicleState] Optional field 'evBatteryLevel' out of range [0.0, 100.0] (got 150.00)
LVGL_EVENT seq=3078 speed=255 status=1
[VehicleState] Required field 'speedKph' out of range [0, 200] (got 255)
[VehicleState] Required field 'rpm' out of range [0, 8000] (got 9999)
[VehicleState] Required field 'soc' out of range [0, 100] (got 150)
[VehicleState] Optional field 'engineCoolantTemp' out of range [-50.0, 200.0] (got -999.00)
[VehicleState] Optional field 'evBatteryLevel' out of range [0.0, 100.0] (got 150.00)
LVGL_EVENT seq=3079 speed=255 status=1
[VehicleState] Required field 'speedKph' out of range [0, 200] (got 255)
[VehicleState] Required field 'rpm' out of range [0, 8000] (got 9999)
[VehicleState] Required field 'soc' out of range [0, 100] (got 150)
[VehicleState] Optional field 'engineCoolantTemp' out of range [-50.0, 200.0] (got -999.00)
[VehicleState] Optional field 'evBatteryLevel' out of range [0.0, 100.0] (got 150.00)
LVGL_EVENT seq=3080 speed=255 status=1
[VehicleState] Required field 'speedKph' out of range [0, 200] (got 255)
[VehicleState] Required field 'rpm' out of range [0, 8000] (got 9999)
[VehicleState] Required field 'soc' out of range [0, 100] (got 150)
[VehicleState] Optional field 'engineCoolantTemp' out of range [-50.0, 200.0] (got -999.00)
[VehicleState] Optional field 'evBatteryLevel' out of range [0.0, 100.0] (got 150.00)
LVGL_EVENT seq=3081 speed=255 status=1
[VehicleState] Required field 'speedKph' out of range [0, 200] (got 255)
[VehicleState] Required field 'rpm' out of range [0, 8000] (got 9999)
[VehicleState] Required field 'soc' out of range [0, 100] (got 150)
[VehicleState] Optional field 'engineCoolantTemp' out of range [-50.0, 200.0] (got -999.00)
[VehicleState] Optional field 'evBatteryLevel' out of range [0.0, 100.0] (got 150.00)
LVGL_EVENT seq=3082 speed=255 status=1
[VehicleState] Required field 'speedKph' out of range [0, 200] (got 255)
[VehicleState] Required field 'rpm' out of range [0, 8000] (got 9999)
[VehicleState] Required field 'soc' out of range [0, 100] (got 150)
[VehicleState] Optional field 'engineCoolantTemp' out of range [-50.0, 200.0] (got -999.00)
[VehicleState] Optional field 'evBatteryLevel' out of range [0.0, 100.0] (got 150.00)
LVGL_EVENT seq=3083 speed=255 status=1
[VehicleState] Required field 'speedKph' out of range [0, 200] (got 255)
[VehicleState] Required field 'rpm' out of range [0, 8000] (got 9999)
[VehicleState] Required field 'soc' out of range [0, 100] (got 150)
[VehicleState] Optional field 'engineCoolantTemp' out of range [-50.0, 200.0] (got -999.00)
[VehicleState] Optional field 'evBatteryLevel' out of range [0.0, 100.0] (got 150.00)
LVGL_EVENT seq=3084 speed=255 status=1
[VehicleState] Required field 'speedKph' out of range [0, 200] (got 255)
[VehicleState] Required field 'rpm' out of range [0, 8000] (got 9999)
[VehicleState] Required field 'soc' out of range [0, 100] (got 150)
[VehicleState] Optional field 'engineCoolantTemp' out of range [-50.0, 200.0] (got -999.00)
[VehicleState] Optional field 'evBatteryLevel' out of range [0.0, 100.0] (got 150.00)
LVGL_EVENT seq=3085 speed=255 status=1
[VehicleState] Required field 'speedKph' out of range [0, 200] (got 255)
[VehicleState] Required field 'rpm' out of range [0, 8000] (got 9999)
[VehicleState] Required field 'soc' out of range [0, 100] (got 150)
[VehicleState] Optional field 'engineCoolantTemp' out of range [-50.0, 200.0] (got -999.00)
[VehicleState] Optional field 'evBatteryLevel' out of range [0.0, 100.0] (got 150.00)
LVGL_EVENT seq=3086 speed=255 status=1
[VehicleState] Required field 'speedKph' out of range [0, 200] (got 255)
[VehicleState] Required field 'rpm' out of range [0, 8000] (got 9999)
[VehicleState] Required field 'soc' out of range [0, 100] (got 150)
[VehicleState] Optional field 'engineCoolantTemp' out of range [-50.0, 200.0] (got -999.00)
[VehicleState] Optional field 'evBatteryLevel' out of range [0.0, 100.0] (got 150.00)
LVGL_EVENT seq=3087 speed=255 status=1
[VehicleState] Required field 'speedKph' out of range [0, 200] (got 255)
[VehicleState] Required field 'rpm' out of range [0, 8000] (got 9999)
[VehicleState] Required field 'soc' out of range [0, 100] (got 150)
[VehicleState] Optional field 'engineCoolantTemp' out of range [-50.0, 200.0] (got -999.00)
[VehicleState] Optional field 'evBatteryLevel' out of range [0.0, 100.0] (got 150.00)
LVGL_EVENT seq=3088 speed=255 status=1
[VehicleState] Required field 'speedKph' out of range [0, 200] (got 255)
[VehicleState] Required field 'rpm' out of range [0, 8000] (got 9999)
[VehicleState] Required field 'soc' out of range [0, 100] (got 150)
[VehicleState] Optional field 'engineCoolantTemp' out of range [-50.0, 200.0] (got -999.00)
[VehicleState] Optional field 'evBatteryLevel' out of range [0.0, 100.0] (got 150.00)
LVGL_EVENT seq=3089 speed=255 status=1
[VehicleState] Required field 'speedKph' out of range [0, 200] (got 255)
[VehicleState] Required field 'rpm' out of range [0, 8000] (got 9999)
[VehicleState] Required field 'soc' out of range [0, 100] (got 150)
[VehicleState] Optional field 'engineCoolantTemp' out of range [-50.0, 200.0] (got -999.00)
[VehicleState] Optional field 'evBatteryLevel' out of range [0.0, 100.0] (got 150.00)
LVGL_EVENT seq=3090 speed=255 status=1
[VehicleState] Required field 'speedKph' out of range [0, 200] (got 255)
[VehicleState] Required field 'rpm' out of range [0, 8000] (got 9999)
[VehicleState] Required field 'soc' out of range [0, 100] (got 150)
[VehicleState] Optional field 'engineCoolantTemp' out of range [-50.0, 200.0] (got -999.00)
[VehicleState] Optional field 'evBatteryLevel' out of range [0.0, 100.0] (got 150.00)
LVGL_EVENT seq=3091 speed=255 status=1
[VehicleState] Required field 'speedKph' out of range [0, 200] (got 255)
[VehicleState] Required field 'rpm' out of range [0, 8000] (got 9999)
[VehicleState] Required field 'soc' out of range [0, 100] (got 150)
[VehicleState] Optional field 'engineCoolantTemp' out of range [-50.0, 200.0] (got -999.00)
[VehicleState] Optional field 'evBatteryLevel' out of range [0.0, 100.0] (got 150.00)
LVGL_EVENT seq=3092 speed=255 status=1
[VehicleState] Required field 'speedKph' out of range [0, 200] (got 255)
[VehicleState] Required field 'rpm' out of range [0, 8000] (got 9999)
[VehicleState] Required field 'soc' out of range [0, 100] (got 150)
[VehicleState] Optional field 'engineCoolantTemp' out of range [-50.0, 200.0] (got -999.00)
[VehicleState] Optional field 'evBatteryLevel' out of range [0.0, 100.0] (got 150.00)
LVGL_EVENT seq=3093 speed=255 status=1
[VehicleState] Required field 'speedKph' out of range [0, 200] (got 255)
[VehicleState] Required field 'rpm' out of range [0, 8000] (got 9999)
[VehicleState] Required field 'soc' out of range [0, 100] (got 150)
[VehicleState] Optional field 'engineCoolantTemp' out of range [-50.0, 200.0] (got -999.00)
[VehicleState] Optional field 'evBatteryLevel' out of range [0.0, 100.0] (got 150.00)
LVGL_EVENT seq=3094 speed=255 status=1
[VehicleState] Required field 'speedKph' out of range [0, 200] (got 255)
[VehicleState] Required field 'rpm' out of range [0, 8000] (got 9999)
[VehicleState] Required field 'soc' out of range [0, 100] (got 150)
[VehicleState] Optional field 'engineCoolantTemp' out of range [-50.0, 200.0] (got -999.00)
[VehicleState] Optional field 'evBatteryLevel' out of range [0.0, 100.0] (got 150.00)
LVGL_EVENT seq=3095 speed=255 status=1
[VehicleState] Required field 'speedKph' out of range [0, 200] (got 255)
[VehicleState] Required field 'rpm' out of range [0, 8000] (got 9999)
[VehicleState] Required field 'soc' out of range [0, 100] (got 150)
[VehicleState] Optional field 'engineCoolantTemp' out of range [-50.0, 200.0] (got -999.00)
[VehicleState] Optional field 'evBatteryLevel' out of range [0.0, 100.0] (got 150.00)
LVGL_EVENT seq=3096 speed=255 status=1
[VehicleState] Required field 'speedKph' out of range [0, 200] (got 255)
[VehicleState] Required field 'rpm' out of range [0, 8000] (got 9999)
[VehicleState] Required field 'soc' out of range [0, 100] (got 150)
[VehicleState] Optional field 'engineCoolantTemp' out of range [-50.0, 200.0] (got -999.00)
[VehicleState] Optional field 'evBatteryLevel' out of range [0.0, 100.0] (got 150.00)
LVGL_EVENT seq=3097 speed=255 status=1
[VehicleState] Required field 'speedKph' out of range [0, 200] (got 255)
[VehicleState] Required field 'rpm' out of range [0, 8000] (got 9999)
[VehicleState] Required field 'soc' out of range [0, 100] (got 150)
[VehicleState] Optional field 'engineCoolantTemp' out of range [-50.0, 200.0] (got -999.00)
[VehicleState] Optional field 'evBatteryLevel' out of range [0.0, 100.0] (got 150.00)
LVGL_EVENT seq=3098 speed=255 status=1
[VehicleState] Required field 'speedKph' out of range [0, 200] (got 255)
[VehicleState] Required field 'rpm' out of range [0, 8000] (got 9999)
[VehicleState] Required field 'soc' out of range [0, 100] (got 150)
[VehicleState] Optional field 'engineCoolantTemp' out of range [-50.0, 200.0] (got -999.00)
[VehicleState] Optional field 'evBatteryLevel' out of range [0.0, 100.0] (got 150.00)
LVGL_EVENT seq=3099 speed=255 status=1
[VehicleData] Watchdog: TCP receive timeout (> 3000 ms), vehicle state offline
[VehicleData] Warning: Sequence gap detected: missed 300 packets (expected 3100, got 3400)
[VehicleData] Stream active, vehicle online (seq=3400)
LVGL_EVENT seq=3400 speed=0 status=0
LVGL_EVENT seq=3401 speed=2 status=0
LVGL_EVENT seq=3402 speed=4 status=0
LVGL_EVENT seq=3403 speed=6 status=0
LVGL_EVENT seq=3404 speed=8 status=0
LVGL_EVENT seq=3405 speed=10 status=0
LVGL_EVENT seq=3406 speed=12 status=0
LVGL_EVENT seq=3407 speed=14 status=0
LVGL_EVENT seq=3408 speed=16 status=0
LVGL_EVENT seq=3409 speed=18 status=0
LVGL_EVENT seq=3410 speed=20 status=0
LVGL_EVENT seq=3411 speed=22 status=0
LVGL_EVENT seq=3412 speed=24 status=0
LVGL_EVENT seq=3413 speed=26 status=0
LVGL_EVENT seq=3414 speed=28 status=0
LVGL_EVENT seq=3415 speed=30 status=0
LVGL_EVENT seq=3416 speed=32 status=0
LVGL_EVENT seq=3417 speed=34 status=0
LVGL_EVENT seq=3418 speed=36 status=0
LVGL_EVENT seq=3419 speed=38 status=0
LVGL_EVENT seq=3420 speed=40 status=0
LVGL_EVENT seq=3421 speed=42 status=0
LVGL_EVENT seq=3422 speed=44 status=0
LVGL_EVENT seq=3423 speed=46 status=0
LVGL_EVENT seq=3424 speed=48 status=0
LVGL_EVENT seq=3425 speed=50 status=0
LVGL_EVENT seq=3426 speed=52 status=0
LVGL_EVENT seq=3427 speed=54 status=0
LVGL_EVENT seq=3428 speed=56 status=0
LVGL_EVENT seq=3429 speed=58 status=0
LVGL_EVENT seq=3430 speed=60 status=0
LVGL_EVENT seq=3431 speed=62 status=0
LVGL_EVENT seq=3432 speed=64 status=0
LVGL_EVENT seq=3433 speed=66 status=0
LVGL_EVENT seq=3434 speed=68 status=0
LVGL_EVENT seq=3435 speed=70 status=0
LVGL_EVENT seq=3436 speed=72 status=0
LVGL_EVENT seq=3437 speed=74 status=0
LVGL_EVENT seq=3438 speed=76 status=0
LVGL_EVENT seq=3439 speed=78 status=0
LVGL_EVENT seq=3440 speed=80 status=0
LVGL_EVENT seq=3441 speed=82 status=0
LVGL_EVENT seq=3442 speed=84 status=0
LVGL_EVENT seq=3443 speed=86 status=0
LVGL_EVENT seq=3444 speed=88 status=0
LVGL_EVENT seq=3445 speed=90 status=0
LVGL_EVENT seq=3446 speed=92 status=0
LVGL_EVENT seq=3447 speed=94 status=0
LVGL_EVENT seq=3448 speed=96 status=0
LVGL_EVENT seq=3449 speed=98 status=0
LVGL_EVENT seq=3450 speed=100 status=0
LVGL_EVENT seq=3451 speed=98 status=0
LVGL_EVENT seq=3452 speed=96 status=0
LVGL_EVENT seq=3453 speed=94 status=0
LVGL_EVENT seq=3454 speed=92 status=0
LVGL_EVENT seq=3455 speed=90 status=0
LVGL_EVENT seq=3456 speed=88 status=0
LVGL_EVENT seq=3457 speed=86 status=0
LVGL_EVENT seq=3458 speed=84 status=0
LVGL_EVENT seq=3459 speed=82 status=0
LVGL_EVENT seq=3460 speed=80 status=0
LVGL_EVENT seq=3461 speed=78 status=0
LVGL_EVENT seq=3462 speed=76 status=0
LVGL_EVENT seq=3463 speed=74 status=0
LVGL_EVENT seq=3464 speed=72 status=0
LVGL_EVENT seq=3465 speed=70 status=0
LVGL_EVENT seq=3466 speed=68 status=0
LVGL_EVENT seq=3467 speed=66 status=0
LVGL_EVENT seq=3468 speed=64 status=0
LVGL_EVENT seq=3469 speed=62 status=0
LVGL_EVENT seq=3470 speed=60 status=0
LVGL_EVENT seq=3471 speed=58 status=0
LVGL_EVENT seq=3472 speed=56 status=0
LVGL_EVENT seq=3473 speed=54 status=0
LVGL_EVENT seq=3474 speed=52 status=0
LVGL_EVENT seq=3475 speed=50 status=0
LVGL_EVENT seq=3476 speed=48 status=0
LVGL_EVENT seq=3477 speed=46 status=0
LVGL_EVENT seq=3478 speed=44 status=0
LVGL_EVENT seq=3479 speed=42 status=0
LVGL_EVENT seq=3480 speed=40 status=0
LVGL_EVENT seq=3481 speed=38 status=0
LVGL_EVENT seq=3482 speed=36 status=0
LVGL_EVENT seq=3483 speed=34 status=0
LVGL_EVENT seq=3484 speed=32 status=0
LVGL_EVENT seq=3485 speed=30 status=0
LVGL_EVENT seq=3486 speed=28 status=0
LVGL_EVENT seq=3487 speed=26 status=0
LVGL_EVENT seq=3488 speed=24 status=0
LVGL_EVENT seq=3489 speed=22 status=0
LVGL_EVENT seq=3490 speed=20 status=0
LVGL_EVENT seq=3491 speed=18 status=0
LVGL_EVENT seq=3492 speed=16 status=0
LVGL_EVENT seq=3493 speed=14 status=0
LVGL_EVENT seq=3494 speed=12 status=0
LVGL_EVENT seq=3495 speed=10 status=0
LVGL_EVENT seq=3496 speed=8 status=0
LVGL_EVENT seq=3497 speed=6 status=0
LVGL_EVENT seq=3498 speed=4 status=0
LVGL_EVENT seq=3499 speed=2 status=0
LVGL_EVENT seq=3500 speed=0 status=0
LVGL_EVENT seq=3501 speed=2 status=0
LVGL_EVENT seq=3502 speed=4 status=0
LVGL_EVENT seq=3503 speed=6 status=0
LVGL_EVENT seq=3504 speed=8 status=0
LVGL_EVENT seq=3505 speed=10 status=0
LVGL_EVENT seq=3506 speed=12 status=0
LVGL_EVENT seq=3507 speed=14 status=0
LVGL_EVENT seq=3508 speed=16 status=0
LVGL_EVENT seq=3509 speed=18 status=0
LVGL_EVENT seq=3510 speed=20 status=0
LVGL_EVENT seq=3511 speed=22 status=0
LVGL_EVENT seq=3512 speed=24 status=0
LVGL_EVENT seq=3513 speed=26 status=0
LVGL_EVENT seq=3514 speed=28 status=0
LVGL_EVENT seq=3515 speed=30 status=0
LVGL_EVENT seq=3516 speed=32 status=0
LVGL_EVENT seq=3517 speed=34 status=0
LVGL_EVENT seq=3518 speed=36 status=0
LVGL_EVENT seq=3519 speed=38 status=0
LVGL_EVENT seq=3520 speed=40 status=0
LVGL_EVENT seq=3521 speed=42 status=0
LVGL_EVENT seq=3522 speed=44 status=0
LVGL_EVENT seq=3523 speed=46 status=0
LVGL_EVENT seq=3524 speed=48 status=0
LVGL_EVENT seq=3525 speed=50 status=0
LVGL_EVENT seq=3526 speed=52 status=0
LVGL_EVENT seq=3527 speed=54 status=0
LVGL_EVENT seq=3528 speed=56 status=0
LVGL_EVENT seq=3529 speed=58 status=0
LVGL_EVENT seq=3530 speed=60 status=0
LVGL_EVENT seq=3531 speed=62 status=0
LVGL_EVENT seq=3532 speed=64 status=0
LVGL_EVENT seq=3533 speed=66 status=0
LVGL_EVENT seq=3534 speed=68 status=0
LVGL_EVENT seq=3535 speed=70 status=0
LVGL_EVENT seq=3536 speed=72 status=0
LVGL_EVENT seq=3537 speed=74 status=0
LVGL_EVENT seq=3538 speed=76 status=0
LVGL_EVENT seq=3539 speed=78 status=0
LVGL_EVENT seq=3540 speed=80 status=0
LVGL_EVENT seq=3541 speed=82 status=0
LVGL_EVENT seq=3542 speed=84 status=0
LVGL_EVENT seq=3543 speed=86 status=0
LVGL_EVENT seq=3544 speed=88 status=0
LVGL_EVENT seq=3545 speed=90 status=0
LVGL_EVENT seq=3546 speed=92 status=0
LVGL_EVENT seq=3547 speed=94 status=0
LVGL_EVENT seq=3548 speed=96 status=0
LVGL_EVENT seq=3549 speed=98 status=0
LVGL_EVENT seq=3550 speed=100 status=0
LVGL_EVENT seq=3551 speed=98 status=0
LVGL_EVENT seq=3552 speed=96 status=0
LVGL_EVENT seq=3553 speed=94 status=0
LVGL_EVENT seq=3554 speed=92 status=0
LVGL_EVENT seq=3555 speed=90 status=0
LVGL_EVENT seq=3556 speed=88 status=0
LVGL_EVENT seq=3557 speed=86 status=0
LVGL_EVENT seq=3558 speed=84 status=0
LVGL_EVENT seq=3559 speed=82 status=0
LVGL_EVENT seq=3560 speed=80 status=0
LVGL_EVENT seq=3561 speed=78 status=0
LVGL_EVENT seq=3562 speed=76 status=0
LVGL_EVENT seq=3563 speed=74 status=0
LVGL_EVENT seq=3564 speed=72 status=0
LVGL_EVENT seq=3565 speed=70 status=0
LVGL_EVENT seq=3566 speed=68 status=0
LVGL_EVENT seq=3567 speed=66 status=0
LVGL_EVENT seq=3568 speed=64 status=0
LVGL_EVENT seq=3569 speed=62 status=0
LVGL_EVENT seq=3570 speed=60 status=0
LVGL_EVENT seq=3571 speed=58 status=0
LVGL_EVENT seq=3572 speed=56 status=0
LVGL_EVENT seq=3573 speed=54 status=0
LVGL_EVENT seq=3574 speed=52 status=0
LVGL_EVENT seq=3575 speed=50 status=0
LVGL_EVENT seq=3576 speed=48 status=0
LVGL_EVENT seq=3577 speed=46 status=0
LVGL_EVENT seq=3578 speed=44 status=0
LVGL_EVENT seq=3579 speed=42 status=0
LVGL_EVENT seq=3580 speed=40 status=0
LVGL_EVENT seq=3581 speed=38 status=0
LVGL_EVENT seq=3582 speed=36 status=0
LVGL_EVENT seq=3583 speed=34 status=0
LVGL_EVENT seq=3584 speed=32 status=0
LVGL_EVENT seq=3585 speed=30 status=0
LVGL_EVENT seq=3586 speed=28 status=0
LVGL_EVENT seq=3587 speed=26 status=0
LVGL_EVENT seq=3588 speed=24 status=0
LVGL_EVENT seq=3589 speed=22 status=0
LVGL_EVENT seq=3590 speed=20 status=0
LVGL_EVENT seq=3591 speed=18 status=0
LVGL_EVENT seq=3592 speed=16 status=0
LVGL_EVENT seq=3593 speed=14 status=0
LVGL_EVENT seq=3594 speed=12 status=0
LVGL_EVENT seq=3595 speed=10 status=0
LVGL_EVENT seq=3596 speed=8 status=0
LVGL_EVENT seq=3597 speed=6 status=0
LVGL_EVENT seq=3598 speed=4 status=0
LVGL_EVENT seq=3599 speed=2 status=0
LVGL_EVENT seq=3600 speed=0 status=0
LVGL_EVENT seq=3601 speed=2 status=0
LVGL_EVENT seq=3602 speed=4 status=0
LVGL_EVENT seq=3603 speed=6 status=0
LVGL_EVENT seq=3604 speed=8 status=0
LVGL_EVENT seq=3605 speed=10 status=0
LVGL_EVENT seq=3606 speed=12 status=0
LVGL_EVENT seq=3607 speed=14 status=0
LVGL_EVENT seq=3608 speed=16 status=0
LVGL_EVENT seq=3609 speed=18 status=0
LVGL_EVENT seq=3610 speed=20 status=0
LVGL_EVENT seq=3611 speed=22 status=0
LVGL_EVENT seq=3612 speed=24 status=0
LVGL_EVENT seq=3613 speed=26 status=0
LVGL_EVENT seq=3614 speed=28 status=0
LVGL_EVENT seq=3615 speed=30 status=0
LVGL_EVENT seq=3616 speed=32 status=0
LVGL_EVENT seq=3617 speed=34 status=0
LVGL_EVENT seq=3618 speed=36 status=0
LVGL_EVENT seq=3619 speed=38 status=0
LVGL_EVENT seq=3620 speed=40 status=0
LVGL_EVENT seq=3621 speed=42 status=0
LVGL_EVENT seq=3622 speed=44 status=0
LVGL_EVENT seq=3623 speed=46 status=0
LVGL_EVENT seq=3624 speed=48 status=0
LVGL_EVENT seq=3625 speed=50 status=0
LVGL_EVENT seq=3626 speed=52 status=0
LVGL_EVENT seq=3627 speed=54 status=0
LVGL_EVENT seq=3628 speed=56 status=0
LVGL_EVENT seq=3629 speed=58 status=0
LVGL_EVENT seq=3630 speed=60 status=0
LVGL_EVENT seq=3631 speed=62 status=0
LVGL_EVENT seq=3632 speed=64 status=0
LVGL_EVENT seq=3633 speed=66 status=0
LVGL_EVENT seq=3634 speed=68 status=0
LVGL_EVENT seq=3635 speed=70 status=0
LVGL_EVENT seq=3636 speed=72 status=0
LVGL_EVENT seq=3637 speed=74 status=0
LVGL_EVENT seq=3638 speed=76 status=0
LVGL_EVENT seq=3639 speed=78 status=0
LVGL_EVENT seq=3640 speed=80 status=0
LVGL_EVENT seq=3641 speed=82 status=0
LVGL_EVENT seq=3642 speed=84 status=0
LVGL_EVENT seq=3643 speed=86 status=0
LVGL_EVENT seq=3644 speed=88 status=0
LVGL_EVENT seq=3645 speed=90 status=0
LVGL_EVENT seq=3646 speed=92 status=0
LVGL_EVENT seq=3647 speed=94 status=0
LVGL_EVENT seq=3648 speed=96 status=0
LVGL_EVENT seq=3649 speed=98 status=0
LVGL_EVENT seq=3650 speed=100 status=0
LVGL_EVENT seq=3651 speed=98 status=0
LVGL_EVENT seq=3652 speed=96 status=0
LVGL_EVENT seq=3653 speed=94 status=0
LVGL_EVENT seq=3654 speed=92 status=0
LVGL_EVENT seq=3655 speed=90 status=0
LVGL_EVENT seq=3656 speed=88 status=0
LVGL_EVENT seq=3657 speed=86 status=0
LVGL_EVENT seq=3658 speed=84 status=0
LVGL_EVENT seq=3659 speed=82 status=0
LVGL_EVENT seq=3660 speed=80 status=0
LVGL_EVENT seq=3661 speed=78 status=0
LVGL_EVENT seq=3662 speed=76 status=0
LVGL_EVENT seq=3663 speed=74 status=0
LVGL_EVENT seq=3664 speed=72 status=0
LVGL_EVENT seq=3665 speed=70 status=0
LVGL_EVENT seq=3666 speed=68 status=0
LVGL_EVENT seq=3667 speed=66 status=0
LVGL_EVENT seq=3668 speed=64 status=0
LVGL_EVENT seq=3669 speed=62 status=0
LVGL_EVENT seq=3670 speed=60 status=0
LVGL_EVENT seq=3671 speed=58 status=0
LVGL_EVENT seq=3672 speed=56 status=0
LVGL_EVENT seq=3673 speed=54 status=0
LVGL_EVENT seq=3674 speed=52 status=0
LVGL_EVENT seq=3675 speed=50 status=0
LVGL_EVENT seq=3676 speed=48 status=0
LVGL_EVENT seq=3677 speed=46 status=0
LVGL_EVENT seq=3678 speed=44 status=0
LVGL_EVENT seq=3679 speed=42 status=0
LVGL_EVENT seq=3680 speed=40 status=0
LVGL_EVENT seq=3681 speed=38 status=0
LVGL_EVENT seq=3682 speed=36 status=0
LVGL_EVENT seq=3683 speed=34 status=0
LVGL_EVENT seq=3684 speed=32 status=0
LVGL_EVENT seq=3685 speed=30 status=0
LVGL_EVENT seq=3686 speed=28 status=0
LVGL_EVENT seq=3687 speed=26 status=0
LVGL_EVENT seq=3688 speed=24 status=0
LVGL_EVENT seq=3689 speed=22 status=0
LVGL_EVENT seq=3690 speed=20 status=0
LVGL_EVENT seq=3691 speed=18 status=0
LVGL_EVENT seq=3692 speed=16 status=0
LVGL_EVENT seq=3693 speed=14 status=0
LVGL_EVENT seq=3694 speed=12 status=0
LVGL_EVENT seq=3695 speed=10 status=0
LVGL_EVENT seq=3696 speed=8 status=0
LVGL_EVENT seq=3697 speed=6 status=0
LVGL_EVENT seq=3698 speed=4 status=0
LVGL_EVENT seq=3699 speed=2 status=0
LVGL_EVENT seq=3700 speed=0 status=0
LVGL_EVENT seq=3701 speed=2 status=0
LVGL_EVENT seq=3702 speed=4 status=0
LVGL_EVENT seq=3703 speed=6 status=0
LVGL_EVENT seq=3704 speed=8 status=0
LVGL_EVENT seq=3705 speed=10 status=0
LVGL_EVENT seq=3706 speed=12 status=0
LVGL_EVENT seq=3707 speed=14 status=0
LVGL_EVENT seq=3708 speed=16 status=0
LVGL_EVENT seq=3709 speed=18 status=0
LVGL_EVENT seq=3710 speed=20 status=0
LVGL_EVENT seq=3711 speed=22 status=0
LVGL_EVENT seq=3712 speed=24 status=0
LVGL_EVENT seq=3713 speed=26 status=0
LVGL_EVENT seq=3714 speed=28 status=0
LVGL_EVENT seq=3715 speed=30 status=0
LVGL_EVENT seq=3716 speed=32 status=0
LVGL_EVENT seq=3717 speed=34 status=0
LVGL_EVENT seq=3718 speed=36 status=0
LVGL_EVENT seq=3719 speed=38 status=0
LVGL_EVENT seq=3720 speed=40 status=0
LVGL_EVENT seq=3721 speed=42 status=0
LVGL_EVENT seq=3722 speed=44 status=0
LVGL_EVENT seq=3723 speed=46 status=0
LVGL_EVENT seq=3724 speed=48 status=0
LVGL_EVENT seq=3725 speed=50 status=0
LVGL_EVENT seq=3726 speed=52 status=0
LVGL_EVENT seq=3727 speed=54 status=0
LVGL_EVENT seq=3728 speed=56 status=0
LVGL_EVENT seq=3729 speed=58 status=0
LVGL_EVENT seq=3730 speed=60 status=0
LVGL_EVENT seq=3731 speed=62 status=0
LVGL_EVENT seq=3732 speed=64 status=0
LVGL_EVENT seq=3733 speed=66 status=0
LVGL_EVENT seq=3734 speed=68 status=0
LVGL_EVENT seq=3735 speed=70 status=0
LVGL_EVENT seq=3736 speed=72 status=0
LVGL_EVENT seq=3737 speed=74 status=0
LVGL_EVENT seq=3738 speed=76 status=0
LVGL_EVENT seq=3739 speed=78 status=0
LVGL_EVENT seq=3740 speed=80 status=0
LVGL_EVENT seq=3741 speed=82 status=0
LVGL_EVENT seq=3742 speed=84 status=0
LVGL_EVENT seq=3743 speed=86 status=0
LVGL_EVENT seq=3744 speed=88 status=0
LVGL_EVENT seq=3745 speed=90 status=0
LVGL_EVENT seq=3746 speed=92 status=0
LVGL_EVENT seq=3747 speed=94 status=0
LVGL_EVENT seq=3748 speed=96 status=0
LVGL_EVENT seq=3749 speed=98 status=0
LVGL_EVENT seq=3750 speed=100 status=0
LVGL_EVENT seq=3751 speed=98 status=0
LVGL_EVENT seq=3752 speed=96 status=0
LVGL_EVENT seq=3753 speed=94 status=0
LVGL_EVENT seq=3754 speed=92 status=0
LVGL_EVENT seq=3755 speed=90 status=0
LVGL_EVENT seq=3756 speed=88 status=0
LVGL_EVENT seq=3757 speed=86 status=0
LVGL_EVENT seq=3758 speed=84 status=0
LVGL_EVENT seq=3759 speed=82 status=0
LVGL_EVENT seq=3760 speed=80 status=0
LVGL_EVENT seq=3761 speed=78 status=0
LVGL_EVENT seq=3762 speed=76 status=0
LVGL_EVENT seq=3763 speed=74 status=0
LVGL_EVENT seq=3764 speed=72 status=0
LVGL_EVENT seq=3765 speed=70 status=0
LVGL_EVENT seq=3766 speed=68 status=0
LVGL_EVENT seq=3767 speed=66 status=0
LVGL_EVENT seq=3768 speed=64 status=0
LVGL_EVENT seq=3769 speed=62 status=0
LVGL_EVENT seq=3770 speed=60 status=0
LVGL_EVENT seq=3771 speed=58 status=0
LVGL_EVENT seq=3772 speed=56 status=0
LVGL_EVENT seq=3773 speed=54 status=0
LVGL_EVENT seq=3774 speed=52 status=0
LVGL_EVENT seq=3775 speed=50 status=0
LVGL_EVENT seq=3776 speed=48 status=0
LVGL_EVENT seq=3777 speed=46 status=0
LVGL_EVENT seq=3778 speed=44 status=0
LVGL_EVENT seq=3779 speed=42 status=0
LVGL_EVENT seq=3780 speed=40 status=0
LVGL_EVENT seq=3781 speed=38 status=0
LVGL_EVENT seq=3782 speed=36 status=0
LVGL_EVENT seq=3783 speed=34 status=0
LVGL_EVENT seq=3784 speed=32 status=0
LVGL_EVENT seq=3785 speed=30 status=0
LVGL_EVENT seq=3786 speed=28 status=0
LVGL_EVENT seq=3787 speed=26 status=0
LVGL_EVENT seq=3788 speed=24 status=0
LVGL_EVENT seq=3789 speed=22 status=0
LVGL_EVENT seq=3790 speed=20 status=0
LVGL_EVENT seq=3791 speed=18 status=0
LVGL_EVENT seq=3792 speed=16 status=0
LVGL_EVENT seq=3793 speed=14 status=0
LVGL_EVENT seq=3794 speed=12 status=0
LVGL_EVENT seq=3795 speed=10 status=0
LVGL_EVENT seq=3796 speed=8 status=0
LVGL_EVENT seq=3797 speed=6 status=0
LVGL_EVENT seq=3798 speed=4 status=0
LVGL_EVENT seq=3799 speed=2 status=0
LVGL_EVENT seq=3800 speed=0 status=0
LVGL_EVENT seq=3801 speed=2 status=0
LVGL_EVENT seq=3802 speed=4 status=0
LVGL_EVENT seq=3803 speed=6 status=0
LVGL_EVENT seq=3804 speed=8 status=0
LVGL_EVENT seq=3805 speed=10 status=0
LVGL_EVENT seq=3806 speed=12 status=0
LVGL_EVENT seq=3807 speed=14 status=0
LVGL_EVENT seq=3808 speed=16 status=0
LVGL_EVENT seq=3809 speed=18 status=0
LVGL_EVENT seq=3810 speed=20 status=0
LVGL_EVENT seq=3811 speed=22 status=0
LVGL_EVENT seq=3812 speed=24 status=0
LVGL_EVENT seq=3813 speed=26 status=0
LVGL_EVENT seq=3814 speed=28 status=0
LVGL_EVENT seq=3815 speed=30 status=0
LVGL_EVENT seq=3816 speed=32 status=0
LVGL_EVENT seq=3817 speed=34 status=0
LVGL_EVENT seq=3818 speed=36 status=0
LVGL_EVENT seq=3819 speed=38 status=0
LVGL_EVENT seq=3820 speed=40 status=0
LVGL_EVENT seq=3821 speed=42 status=0
LVGL_EVENT seq=3822 speed=44 status=0
LVGL_EVENT seq=3823 speed=46 status=0
LVGL_EVENT seq=3824 speed=48 status=0
LVGL_EVENT seq=3825 speed=50 status=0
LVGL_EVENT seq=3826 speed=52 status=0
LVGL_EVENT seq=3827 speed=54 status=0
LVGL_EVENT seq=3828 speed=56 status=0
LVGL_EVENT seq=3829 speed=58 status=0
LVGL_EVENT seq=3830 speed=60 status=0
LVGL_EVENT seq=3831 speed=62 status=0
LVGL_EVENT seq=3832 speed=64 status=0
LVGL_EVENT seq=3833 speed=66 status=0
LVGL_EVENT seq=3834 speed=68 status=0
LVGL_EVENT seq=3835 speed=70 status=0
LVGL_EVENT seq=3836 speed=72 status=0
LVGL_EVENT seq=3837 speed=74 status=0
LVGL_EVENT seq=3838 speed=76 status=0
LVGL_EVENT seq=3839 speed=78 status=0
LVGL_EVENT seq=3840 speed=80 status=0
LVGL_EVENT seq=3841 speed=82 status=0
LVGL_EVENT seq=3842 speed=84 status=0
LVGL_EVENT seq=3843 speed=86 status=0
LVGL_EVENT seq=3844 speed=88 status=0
LVGL_EVENT seq=3845 speed=90 status=0
LVGL_EVENT seq=3846 speed=92 status=0
LVGL_EVENT seq=3847 speed=94 status=0
LVGL_EVENT seq=3848 speed=96 status=0
LVGL_EVENT seq=3849 speed=98 status=0
LVGL_EVENT seq=3850 speed=100 status=0
LVGL_EVENT seq=3851 speed=98 status=0
LVGL_EVENT seq=3852 speed=96 status=0
LVGL_EVENT seq=3853 speed=94 status=0
LVGL_EVENT seq=3854 speed=92 status=0
LVGL_EVENT seq=3855 speed=90 status=0
LVGL_EVENT seq=3856 speed=88 status=0
LVGL_EVENT seq=3857 speed=86 status=0
LVGL_EVENT seq=3858 speed=84 status=0
LVGL_EVENT seq=3859 speed=82 status=0
LVGL_EVENT seq=3860 speed=80 status=0
LVGL_EVENT seq=3861 speed=78 status=0
LVGL_EVENT seq=3862 speed=76 status=0
LVGL_EVENT seq=3863 speed=74 status=0
LVGL_EVENT seq=3864 speed=72 status=0
LVGL_EVENT seq=3865 speed=70 status=0
LVGL_EVENT seq=3866 speed=68 status=0
LVGL_EVENT seq=3867 speed=66 status=0
LVGL_EVENT seq=3868 speed=64 status=0
LVGL_EVENT seq=3869 speed=62 status=0
LVGL_EVENT seq=3870 speed=60 status=0
LVGL_EVENT seq=3871 speed=58 status=0
LVGL_EVENT seq=3872 speed=56 status=0
LVGL_EVENT seq=3873 speed=54 status=0
LVGL_EVENT seq=3874 speed=52 status=0
LVGL_EVENT seq=3875 speed=50 status=0
LVGL_EVENT seq=3876 speed=48 status=0
LVGL_EVENT seq=3877 speed=46 status=0
LVGL_EVENT seq=3878 speed=44 status=0
LVGL_EVENT seq=3879 speed=42 status=0
LVGL_EVENT seq=3880 speed=40 status=0
LVGL_EVENT seq=3881 speed=38 status=0
LVGL_EVENT seq=3882 speed=36 status=0
LVGL_EVENT seq=3883 speed=34 status=0
LVGL_EVENT seq=3884 speed=32 status=0
LVGL_EVENT seq=3885 speed=30 status=0
LVGL_EVENT seq=3886 speed=28 status=0
LVGL_EVENT seq=3887 speed=26 status=0
LVGL_EVENT seq=3888 speed=24 status=0
LVGL_EVENT seq=3889 speed=22 status=0
LVGL_EVENT seq=3890 speed=20 status=0
LVGL_EVENT seq=3891 speed=18 status=0
LVGL_EVENT seq=3892 speed=16 status=0
LVGL_EVENT seq=3893 speed=14 status=0
LVGL_EVENT seq=3894 speed=12 status=0
LVGL_EVENT seq=3895 speed=10 status=0
LVGL_EVENT seq=3896 speed=8 status=0
LVGL_EVENT seq=3897 speed=6 status=0
LVGL_EVENT seq=3898 speed=4 status=0
LVGL_EVENT seq=3899 speed=2 status=0
LVGL_EVENT seq=3900 speed=0 status=0
LVGL_EVENT seq=3901 speed=2 status=0
LVGL_EVENT seq=3902 speed=4 status=0
LVGL_EVENT seq=3903 speed=6 status=0
LVGL_EVENT seq=3904 speed=8 status=0
LVGL_EVENT seq=3905 speed=10 status=0
LVGL_EVENT seq=3906 speed=12 status=0
LVGL_EVENT seq=3907 speed=14 status=0
LVGL_EVENT seq=3908 speed=16 status=0
LVGL_EVENT seq=3909 speed=18 status=0
LVGL_EVENT seq=3910 speed=20 status=0
LVGL_EVENT seq=3911 speed=22 status=0
LVGL_EVENT seq=3912 speed=24 status=0
LVGL_EVENT seq=3913 speed=26 status=0
LVGL_EVENT seq=3914 speed=28 status=0
LVGL_EVENT seq=3915 speed=30 status=0
LVGL_EVENT seq=3916 speed=32 status=0
LVGL_EVENT seq=3917 speed=34 status=0
LVGL_EVENT seq=3918 speed=36 status=0
LVGL_EVENT seq=3919 speed=38 status=0
LVGL_EVENT seq=3920 speed=40 status=0
LVGL_EVENT seq=3921 speed=42 status=0
LVGL_EVENT seq=3922 speed=44 status=0
LVGL_EVENT seq=3923 speed=46 status=0
LVGL_EVENT seq=3924 speed=48 status=0
LVGL_EVENT seq=3925 speed=50 status=0
LVGL_EVENT seq=3926 speed=52 status=0
LVGL_EVENT seq=3927 speed=54 status=0
LVGL_EVENT seq=3928 speed=56 status=0
LVGL_EVENT seq=3929 speed=58 status=0
LVGL_EVENT seq=3930 speed=60 status=0
LVGL_EVENT seq=3931 speed=62 status=0
LVGL_EVENT seq=3932 speed=64 status=0
LVGL_EVENT seq=3933 speed=66 status=0
LVGL_EVENT seq=3934 speed=68 status=0
LVGL_EVENT seq=3935 speed=70 status=0
LVGL_EVENT seq=3936 speed=72 status=0
LVGL_EVENT seq=3937 speed=74 status=0
LVGL_EVENT seq=3938 speed=76 status=0
LVGL_EVENT seq=3939 speed=78 status=0
LVGL_EVENT seq=3940 speed=80 status=0
LVGL_EVENT seq=3941 speed=82 status=0
LVGL_EVENT seq=3942 speed=84 status=0
LVGL_EVENT seq=3943 speed=86 status=0
LVGL_EVENT seq=3944 speed=88 status=0
LVGL_EVENT seq=3945 speed=90 status=0
LVGL_EVENT seq=3946 speed=92 status=0
LVGL_EVENT seq=3947 speed=94 status=0
LVGL_EVENT seq=3948 speed=96 status=0
LVGL_EVENT seq=3949 speed=98 status=0
LVGL_EVENT seq=3950 speed=100 status=0
LVGL_EVENT seq=3951 speed=98 status=0
LVGL_EVENT seq=3952 speed=96 status=0
LVGL_EVENT seq=3953 speed=94 status=0
LVGL_EVENT seq=3954 speed=92 status=0
LVGL_EVENT seq=3955 speed=90 status=0
LVGL_EVENT seq=3956 speed=88 status=0
LVGL_EVENT seq=3957 speed=86 status=0
LVGL_EVENT seq=3958 speed=84 status=0
LVGL_EVENT seq=3959 speed=82 status=0
LVGL_EVENT seq=3960 speed=80 status=0
LVGL_EVENT seq=3961 speed=78 status=0
LVGL_EVENT seq=3962 speed=76 status=0
LVGL_EVENT seq=3963 speed=74 status=0
LVGL_EVENT seq=3964 speed=72 status=0
LVGL_EVENT seq=3965 speed=70 status=0
LVGL_EVENT seq=3966 speed=68 status=0
LVGL_EVENT seq=3967 speed=66 status=0
LVGL_EVENT seq=3968 speed=64 status=0
LVGL_EVENT seq=3969 speed=62 status=0
LVGL_EVENT seq=3970 speed=60 status=0
LVGL_EVENT seq=3971 speed=58 status=0
LVGL_EVENT seq=3972 speed=56 status=0
LVGL_EVENT seq=3973 speed=54 status=0
LVGL_EVENT seq=3974 speed=52 status=0
LVGL_EVENT seq=3975 speed=50 status=0
LVGL_EVENT seq=3976 speed=48 status=0
LVGL_EVENT seq=3977 speed=46 status=0
LVGL_EVENT seq=3978 speed=44 status=0
LVGL_EVENT seq=3979 speed=42 status=0
LVGL_EVENT seq=3980 speed=40 status=0
LVGL_EVENT seq=3981 speed=38 status=0
LVGL_EVENT seq=3982 speed=36 status=0
LVGL_EVENT seq=3983 speed=34 status=0
LVGL_EVENT seq=3984 speed=32 status=0
LVGL_EVENT seq=3985 speed=30 status=0
LVGL_EVENT seq=3986 speed=28 status=0
LVGL_EVENT seq=3987 speed=26 status=0
LVGL_EVENT seq=3988 speed=24 status=0
LVGL_EVENT seq=3989 speed=22 status=0
LVGL_EVENT seq=3990 speed=20 status=0
LVGL_EVENT seq=3991 speed=18 status=0
LVGL_EVENT seq=3992 speed=16 status=0
LVGL_EVENT seq=3993 speed=14 status=0
LVGL_EVENT seq=3994 speed=12 status=0
LVGL_EVENT seq=3995 speed=10 status=0
LVGL_EVENT seq=3996 speed=8 status=0
LVGL_EVENT seq=3997 speed=6 status=0
LVGL_EVENT seq=3998 speed=4 status=0
LVGL_EVENT seq=3999 speed=2 status=0
LVGL_EVENT seq=4000 speed=0 status=0
LVGL_EVENT seq=4001 speed=2 status=0
LVGL_EVENT seq=4002 speed=4 status=0
LVGL_EVENT seq=4003 speed=6 status=0
LVGL_EVENT seq=4004 speed=8 status=0
LVGL_EVENT seq=4005 speed=10 status=0
LVGL_EVENT seq=4006 speed=12 status=0
LVGL_EVENT seq=4007 speed=14 status=0
LVGL_EVENT seq=4008 speed=16 status=0
LVGL_EVENT seq=4009 speed=18 status=0
LVGL_EVENT seq=4010 speed=20 status=0
LVGL_EVENT seq=4011 speed=22 status=0
LVGL_EVENT seq=4012 speed=24 status=0
LVGL_EVENT seq=4013 speed=26 status=0
LVGL_EVENT seq=4014 speed=28 status=0
LVGL_EVENT seq=4015 speed=30 status=0
LVGL_EVENT seq=4016 speed=32 status=0
LVGL_EVENT seq=4017 speed=34 status=0
LVGL_EVENT seq=4018 speed=36 status=0
LVGL_EVENT seq=4019 speed=38 status=0
LVGL_EVENT seq=4020 speed=40 status=0
LVGL_EVENT seq=4021 speed=42 status=0
LVGL_EVENT seq=4022 speed=44 status=0
LVGL_EVENT seq=4023 speed=46 status=0
LVGL_EVENT seq=4024 speed=48 status=0
LVGL_EVENT seq=4025 speed=50 status=0
LVGL_EVENT seq=4026 speed=52 status=0
LVGL_EVENT seq=4027 speed=54 status=0
LVGL_EVENT seq=4028 speed=56 status=0
LVGL_EVENT seq=4029 speed=58 status=0
LVGL_EVENT seq=4030 speed=60 status=0
LVGL_EVENT seq=4031 speed=62 status=0
LVGL_EVENT seq=4032 speed=64 status=0
LVGL_EVENT seq=4033 speed=66 status=0
LVGL_EVENT seq=4034 speed=68 status=0
LVGL_EVENT seq=4035 speed=70 status=0
LVGL_EVENT seq=4036 speed=72 status=0
LVGL_EVENT seq=4037 speed=74 status=0
LVGL_EVENT seq=4038 speed=76 status=0
LVGL_EVENT seq=4039 speed=78 status=0
LVGL_EVENT seq=4040 speed=80 status=0
LVGL_EVENT seq=4041 speed=82 status=0
LVGL_EVENT seq=4042 speed=84 status=0
LVGL_EVENT seq=4043 speed=86 status=0
LVGL_EVENT seq=4044 speed=88 status=0
LVGL_EVENT seq=4045 speed=90 status=0
LVGL_EVENT seq=4046 speed=92 status=0
LVGL_EVENT seq=4047 speed=94 status=0
LVGL_EVENT seq=4048 speed=96 status=0
LVGL_EVENT seq=4049 speed=98 status=0
LVGL_EVENT seq=4050 speed=100 status=0
LVGL_EVENT seq=4051 speed=98 status=0
LVGL_EVENT seq=4052 speed=96 status=0
LVGL_EVENT seq=4053 speed=94 status=0
LVGL_EVENT seq=4054 speed=92 status=0
LVGL_EVENT seq=4055 speed=90 status=0
LVGL_EVENT seq=4056 speed=88 status=0
LVGL_EVENT seq=4057 speed=86 status=0
LVGL_EVENT seq=4058 speed=84 status=0
LVGL_EVENT seq=4059 speed=82 status=0
LVGL_EVENT seq=4060 speed=80 status=0
LVGL_EVENT seq=4061 speed=78 status=0
LVGL_EVENT seq=4062 speed=76 status=0
LVGL_EVENT seq=4063 speed=74 status=0
LVGL_EVENT seq=4064 speed=72 status=0
LVGL_EVENT seq=4065 speed=70 status=0
LVGL_EVENT seq=4066 speed=68 status=0
LVGL_EVENT seq=4067 speed=66 status=0
LVGL_EVENT seq=4068 speed=64 status=0
LVGL_EVENT seq=4069 speed=62 status=0
LVGL_EVENT seq=4070 speed=60 status=0
LVGL_EVENT seq=4071 speed=58 status=0
LVGL_EVENT seq=4072 speed=56 status=0
LVGL_EVENT seq=4073 speed=54 status=0
LVGL_EVENT seq=4074 speed=52 status=0
LVGL_EVENT seq=4075 speed=50 status=0
LVGL_EVENT seq=4076 speed=48 status=0
LVGL_EVENT seq=4077 speed=46 status=0
LVGL_EVENT seq=4078 speed=44 status=0
2026-09-14 15:48:24.439815 [info] app::stop: Stopping vsomeip application "lvgl-vehicle-client" (5577).
2026-09-14 15:48:24.440002 [info] Client 0x5577, state ST_REGISTERED -> ST_DEREGISTERED
2026-09-14 15:48:24.440019 [info] rmc::stop: starting to flush the sender
2026-09-14 15:48:24.440026 [info] emb::stop: Start endpoint flushing for client 0x5577
2026-09-14 15:48:24.440033 [info] laui::close: Closing the acceptor: /tmp/vsomeip-5577, mem: 0x705480003380
2026-09-14 15:48:24.440076 [info] rmc::cleanup_client: self 0x5577 handles cleanup of client 0x4444 (consumer), not reconnecting
2026-09-14 15:48:24.440087 [info] ON_UNAVAILABLE(5577): [1111.2222:0.0] forwarded=true
2026-09-14 15:48:24.440092 [info] rmc::remove_consumer: self 0x5577, client 0x4444, error 0
2026-09-14 15:48:24.440097 [info] lsui::stop: role: client, own: , peer: /tmp/vsomeip-4444, mem: 0x705480003f80
2026-09-14 15:48:24.440188 [info] Stopped thread 5577_m_dispatch, application 'lvgl-vehicle-client', id 705486e56640, tid 17168
2026-09-14 15:48:24.440129 [info] le::set_state_unlocked: change state: CONNECTED -> STOPPED, Client: 4444 (0), connection : role: client, own: , peer: /tmp/vsomeip-4444, mem: 0x705480003f80, fd: -1, 0x705480003f80, send_queue: 0, receive_buffer: {mem_size: 4096, first_used: 0, last_used: 0, shrink: [0, 5]}, is_sending: false, is_flushing: true, state: CONNECTED
2026-09-14 15:48:24.440295 [info] lsui::stop: role: client, own: , peer: /tmp/vsomeip-0, mem: 0x7054800011a0
2026-09-14 15:48:24.440307 [info] le::set_state_unlocked: change state: CONNECTED -> STOPPED, Client: 0000 (0), connection : role: client, own: , peer: /tmp/vsomeip-0, mem: 0x7054800011a0, fd: -1, 0x7054800011a0, send_queue: 0, receive_buffer: {mem_size: 4096, first_used: 0, last_used: 0, shrink: [0, 5]}, is_sending: false, is_flushing: true, state: CONNECTED
2026-09-14 15:48:24.440318 [info] rmc::cleanup_client: self 0x5577 handles shutdown. Not reconnecting to host 0x0000
2026-09-14 15:48:24.440332 [info] rmc::stop: All endpoints cleared. Finishing the shutdown
2026-09-14 15:48:24.440341 [info] app::start: : io_.run() end for app(lvgl-vehicle-client, 5577); Join Dispatcher threads for app(lvgl-vehicle-client, 5577)
2026-09-14 15:48:24.440349 [info] Join IO threads for app(lvgl-vehicle-client, 5577)
2026-09-14 15:48:24.440355 [info] Stopped thread 5577_io00, application 'lvgl-vehicle-client', id 705487657640, tid 17166
[VehicleData] TCP disconnected, vehicle state offline
